date,country_code,indicator_code,value
2017-01-01,YE,004,323361.0
2016-01-01,YE,004,278346.0
2015-01-01,YE,004,880502.0
2014-01-01,YE,004,1995714.0
2013-01-01,YE,004,1941867.0
2012-01-01,YE,004,1886298.0
2011-01-01,YE,004,2122892.0
2010-01-01,YE,004,2035710.0
2009-01-01,YE,004,1443901.0
2008-01-01,YE,004,2034048.0
2007-01-01,YE,004,1546948.0
2006-01-01,YE,004,1551337.0
2005-01-01,YE,004,1312175.0
2004-01-01,YE,004,932662.0
2003-01-01,YE,004,787304.0
2002-01-01,YE,004,694885.0
2001-01-01,YE,004,596643.0
2000-01-01,YE,004,645304.0
1999-01-01,YE,004,414539.0
1998-01-01,YE,004,228037.0
1997-01-01,YE,004,320822.0
1996-01-01,YE,004,285587.0
1995-01-01,YE,004,115957.0
1994-01-01,YE,004,42091.0
1993-01-01,YE,004,32833.0
1992-01-01,YE,004,22513.0
1991-01-01,YE,004,19416.0
1990-01-01,YE,004,18060.0
2014-07-01,YE,005,22.0
2014-06-01,YE,005,22.0
2014-05-01,YE,005,22.0
2014-04-01,YE,005,22.0
2014-03-01,YE,005,22.0
2014-02-01,YE,005,22.0
2014-01-01,YE,005,22.0
2013-12-01,YE,005,22.0
2013-11-01,YE,005,22.0
2013-10-01,YE,005,22.0
2013-09-01,YE,005,22.0
2013-08-01,YE,005,22.0
2013-07-01,YE,005,22.0
2013-06-01,YE,005,22.0
2013-05-01,YE,005,22.0
2013-04-01,YE,005,22.0
2013-03-01,YE,005,22.0
2013-02-01,YE,005,22.0
2013-01-01,YE,005,23.0
2012-12-01,YE,005,23.0
2012-11-01,YE,005,23.0
2012-10-01,YE,005,23.0
2012-09-01,YE,005,25.0
2012-08-01,YE,005,25.0
2012-07-01,YE,005,25.0
2012-06-01,YE,005,25.0
2012-05-01,YE,005,25.0
2012-04-01,YE,005,25.0
2012-03-01,YE,005,25.0
2012-02-01,YE,005,25.0
2012-01-01,YE,005,25.0
2011-12-01,YE,005,25.0
2011-11-01,YE,005,25.0
2011-10-01,YE,005,25.0
2011-09-01,YE,005,25.0
2011-08-01,YE,005,25.0
2011-07-01,YE,005,25.0
2011-06-01,YE,005,25.0
2011-05-01,YE,005,25.0
2011-04-01,YE,005,25.0
2011-03-01,YE,005,25.0
2011-02-01,YE,005,25.0
2011-01-01,YE,005,25.0
2010-12-01,YE,005,25.0
2010-11-01,YE,005,25.0
2010-10-01,YE,005,25.0
2010-09-01,YE,005,25.0
2010-08-01,YE,005,25.0
2010-07-01,YE,005,25.0
2010-06-01,YE,005,25.0
2010-05-01,YE,005,25.0
2010-04-01,YE,005,25.0
2010-03-01,YE,005,25.0
2010-02-01,YE,005,18.0
2010-01-01,YE,005,18.0
2009-12-01,YE,005,18.0
2009-11-01,YE,005,18.0
2009-10-01,YE,005,18.0
2009-09-01,YE,005,18.0
2009-08-01,YE,005,18.0
2009-07-01,YE,005,18.0
2009-06-01,YE,005,18.0
2009-05-01,YE,005,18.0
2009-04-01,YE,005,18.0
2009-03-01,YE,005,18.0
2009-02-01,YE,005,18.0
2009-01-01,YE,005,18.0
2008-12-01,YE,005,18.0
2008-11-01,YE,005,18.0
2008-10-01,YE,005,18.0
2008-09-01,YE,005,18.0
2008-08-01,YE,005,18.0
2008-07-01,YE,005,18.0
2008-06-01,YE,005,18.0
2008-05-01,YE,005,18.0
2008-04-01,YE,005,18.0
2008-03-01,YE,005,18.0
2008-02-01,YE,005,18.0
2008-01-01,YE,005,18.0
2007-12-01,YE,005,18.0
2007-11-01,YE,005,18.0
2007-10-01,YE,005,18.0
2007-09-01,YE,005,18.0
2007-08-01,YE,005,18.0
2007-07-01,YE,005,18.0
2007-06-01,YE,005,18.0
2007-05-01,YE,005,18.0
2007-04-01,YE,005,18.0
2007-03-01,YE,005,18.0
2007-02-01,YE,005,18.0
2007-01-01,YE,005,18.0
2006-12-01,YE,005,18.0
2006-11-01,YE,005,18.0
2006-10-01,YE,005,18.0
2006-09-01,YE,005,18.0
2006-08-01,YE,005,18.0
2006-07-01,YE,005,18.0
2006-06-01,YE,005,18.0
2006-05-01,YE,005,18.0
2006-04-01,YE,005,18.0
2006-03-01,YE,005,18.0
2006-02-01,YE,005,18.0
2006-01-01,YE,005,18.0
2005-12-01,YE,005,18.0
2005-11-01,YE,005,18.0
2005-10-01,YE,005,18.0
2005-09-01,YE,005,18.0
2005-08-01,YE,005,18.0
2005-07-01,YE,005,18.0
2005-06-01,YE,005,18.0
2005-05-01,YE,005,18.0
2005-04-01,YE,005,18.0
2005-03-01,YE,005,18.0
2005-02-01,YE,005,18.0
2005-01-01,YE,005,18.0
2004-12-01,YE,005,18.0
2004-11-01,YE,005,18.0
2004-10-01,YE,005,18.0
2004-09-01,YE,005,18.0
2004-08-01,YE,005,18.0
2004-07-01,YE,005,18.0
2004-06-01,YE,005,18.0
2004-05-01,YE,005,20.0
2004-04-01,YE,005,19.5
2004-03-01,YE,005,19.0
2004-02-01,YE,005,19.0
2004-01-01,YE,005,18.5
2003-12-01,YE,005,18.0
2003-11-01,YE,005,18.0
2003-10-01,YE,005,18.0
2003-09-01,YE,005,18.0
2003-08-01,YE,005,18.0
2003-07-01,YE,005,18.0
2003-06-01,YE,005,18.0
2003-05-01,YE,005,18.0
2003-04-01,YE,005,18.0
2003-03-01,YE,005,18.0
2003-02-01,YE,005,18.0
2003-01-01,YE,005,18.0
2002-12-01,YE,005,18.0
2002-11-01,YE,005,18.0
2002-10-01,YE,005,18.0
2002-09-01,YE,005,18.0
2002-08-01,YE,005,18.0
2002-07-01,YE,005,17.5
2002-06-01,YE,005,17.5
2002-05-01,YE,005,17.5
2002-04-01,YE,005,17.5
2002-03-01,YE,005,17.5
2002-02-01,YE,005,17.5
2002-01-01,YE,005,17.5
2001-12-01,YE,005,17.5
2001-11-01,YE,005,17.5
2001-10-01,YE,005,17.5
2001-09-01,YE,005,17.5
2001-08-01,YE,005,17.5
2001-07-01,YE,005,17.5
2001-06-01,YE,005,17.5
2001-05-01,YE,005,17.5
2001-04-01,YE,005,17.5
2001-03-01,YE,005,17.5
2001-02-01,YE,005,17.5
2001-01-01,YE,005,17.5
2000-12-01,YE,005,17.5
2000-11-01,YE,005,17.5
2000-10-01,YE,005,17.5
2000-09-01,YE,005,17.5
2000-08-01,YE,005,18.5
2000-07-01,YE,005,20.0
2000-06-01,YE,005,20.0
2000-05-01,YE,005,20.0
2000-04-01,YE,005,20.0
2000-03-01,YE,005,20.0
2000-02-01,YE,005,22.0
2000-01-01,YE,005,24.0
1999-12-01,YE,005,25.0
1999-11-01,YE,005,25.5
1999-10-01,YE,005,25.5
1999-09-01,YE,005,25.5
1999-08-01,YE,005,25.5
1999-07-01,YE,005,24.5
1999-06-01,YE,005,24.5
1999-05-01,YE,005,24.0
1999-04-01,YE,005,24.0
1999-03-01,YE,005,24.0
1999-02-01,YE,005,20.5
1999-01-01,YE,005,20.5
1998-12-01,YE,005,20.5
1998-09-01,YE,005,17.0
1998-08-01,YE,005,17.0
1998-07-01,YE,005,17.0
1998-06-01,YE,005,17.0
1998-05-01,YE,005,18.0
1998-04-01,YE,005,17.5
1998-03-01,YE,005,17.5
1998-02-01,YE,005,17.5
1998-01-01,YE,005,17.5
1997-12-01,YE,005,18.0
1997-11-01,YE,005,19.5
1997-10-01,YE,005,19.5
1997-09-01,YE,005,18.5
1997-08-01,YE,005,18.5
1997-07-01,YE,005,21.0
1997-06-01,YE,005,21.0
1997-05-01,YE,005,21.0
1997-04-01,YE,005,28.3
1997-03-01,YE,005,28.3
1997-02-01,YE,005,28.3
1997-01-01,YE,005,28.3
1996-12-01,YE,005,28.3
1996-11-01,YE,005,32.5
1996-10-01,YE,005,32.5
1996-09-01,YE,005,32.5
1996-08-01,YE,005,32.5
1996-07-01,YE,005,32.5
1996-06-01,YE,005,32.5
1996-05-01,YE,005,32.5
1996-04-01,YE,005,32.5
1996-03-01,YE,005,32.5
1996-02-01,YE,005,28.3
1996-01-01,YE,005,28.3
1995-12-01,YE,005,28.3
2016-10-01,YE,012,0.0
2016-07-01,YE,012,0.0
2016-04-01,YE,012,0.0
2016-01-01,YE,012,0.0
2015-10-01,YE,012,0.0
2015-07-01,YE,012,0.0
2015-04-01,YE,012,0.0
2015-01-01,YE,012,0.0
2014-10-01,YE,012,0.0
2014-07-01,YE,012,0.0
2014-04-01,YE,012,0.0
2014-01-01,YE,012,0.0
2013-10-01,YE,012,0.0
2013-07-01,YE,012,0.0
2013-04-01,YE,012,0.0
2013-01-01,YE,012,0.0
2012-10-01,YE,012,0.0
2012-07-01,YE,012,0.0
2012-04-01,YE,012,0.0
2012-01-01,YE,012,0.0
2011-10-01,YE,012,0.0
2011-07-01,YE,012,0.0
2011-04-01,YE,012,0.0
2011-01-01,YE,012,0.0
2010-10-01,YE,012,0.0
2010-07-01,YE,012,0.0
2010-04-01,YE,012,0.0
2010-01-01,YE,012,88.0
2009-10-01,YE,012,0.0
2009-07-01,YE,012,0.0
2009-04-01,YE,012,0.0
2009-01-01,YE,012,0.0
2008-10-01,YE,012,0.0
2008-07-01,YE,012,17.0
2008-04-01,YE,012,0.0
2008-01-01,YE,012,2.0
2007-10-01,YE,012,23.0
2007-07-01,YE,012,24.0
2007-04-01,YE,012,23.0
2007-01-01,YE,012,24.0
2006-10-01,YE,012,23.0
2006-07-01,YE,012,24.0
2006-04-01,YE,012,23.0
2006-01-01,YE,012,24.0
2005-10-01,YE,012,130.0
2005-07-01,YE,012,25.0
2005-04-01,YE,012,23.0
2005-01-01,YE,012,25.0
2017-01-01,YE,019,0.0
2016-01-01,YE,019,0.0
2015-01-01,YE,019,0.0
2014-01-01,YE,019,0.0
2013-01-01,YE,019,0.0
2012-01-01,YE,019,0.0
2011-01-01,YE,019,0.0
2010-01-01,YE,019,0.0
2009-01-01,YE,019,0.0
2008-01-01,YE,019,0.0
2007-01-01,YE,019,0.0
2006-01-01,YE,019,0.0
2005-01-01,YE,019,0.0
2004-01-01,YE,019,0.0
2003-01-01,YE,019,0.0
2002-01-01,YE,019,0.0
2001-01-01,YE,019,0.0
2000-01-01,YE,019,0.0
1999-01-01,YE,019,0.0
1998-01-01,YE,019,0.0
1997-01-01,YE,019,3486.0
1996-01-01,YE,019,2948.0
1995-01-01,YE,019,2032.0
1994-01-01,YE,019,3012.0
1993-01-01,YE,019,4880.0
1992-01-01,YE,019,3631.0
1991-01-01,YE,019,3731.0
1990-01-01,YE,019,2864.0
2019-01-01,YE,024,35.503114
2018-01-01,YE,024,36.395694
2017-01-01,YE,024,35.529989
2019-01-01,YE,025,140.0
2018-01-01,YE,025,139.0
2017-01-01,YE,025,135.0
2016-01-01,YE,025,138.0
2014-01-01,YE,025,142.0
2013-01-01,YE,025,145.0
2012-01-01,YE,025,140.0
2011-01-01,YE,025,138.0
2008-01-01,YE,025,0.0
2014-01-01,YE,034,157.58334
2013-01-01,YE,034,145.76915
2012-01-01,YE,034,131.36091
2011-01-01,YE,034,119.54356
2010-01-01,YE,034,100.0
2009-01-01,YE,034,89.94841
2008-01-01,YE,034,85.33377
2007-01-01,YE,034,71.72336
2006-01-01,YE,034,66.46891
2005-01-01,YE,034,59.96575
2004-01-01,YE,034,53.63122
2003-01-01,YE,034,47.6658
2002-01-01,YE,034,43.00712
2001-01-01,YE,034,38.3176
2000-01-01,YE,034,34.23917
1999-01-01,YE,034,32.73656
1998-01-01,YE,034,30.12746
1997-01-01,YE,034,28.42843
1996-01-01,YE,034,27.82281
1995-01-01,YE,034,21.28204
1994-01-01,YE,034,13.72317
1993-01-01,YE,034,9.18588
1992-01-01,YE,034,6.76665
1991-01-01,YE,034,5.22877
1990-01-01,YE,034,3.84469
2017-01-01,YE,035,10992712.0
2016-01-01,YE,035,9443446.0
2015-01-01,YE,035,9722603.0
2014-01-01,YE,035,8067900.0
2013-01-01,YE,035,7520633.0
2012-01-01,YE,035,6711639.0
2011-01-01,YE,035,5882932.0
2010-01-01,YE,035,5489349.0
2009-01-01,YE,035,4238037.0
2008-01-01,YE,035,4119743.0
2007-01-01,YE,035,3211650.0
2006-01-01,YE,035,2609922.0
2005-01-01,YE,035,2058537.0
2004-01-01,YE,035,1698053.0
2003-01-01,YE,035,1448769.0
2002-01-01,YE,035,1265702.0
2001-01-01,YE,035,1086959.0
2000-01-01,YE,035,939756.0
1999-01-01,YE,035,818963.0
1998-01-01,YE,035,692877.0
1997-01-01,YE,035,606707.0
1996-01-01,YE,035,532819.0
1995-01-01,YE,035,432167.0
1994-01-01,YE,035,269404.0
1993-01-01,YE,035,233689.0
1992-01-01,YE,035,177043.0
1991-01-01,YE,035,156240.0
1990-01-01,YE,035,113879.0
2014-11-01,YE,038,179.15
2014-10-01,YE,038,177.95
2014-09-01,YE,038,176.26
2014-08-01,YE,038,178.04
2014-07-01,YE,038,175.55
2014-06-01,YE,038,171.07
2014-05-01,YE,038,168.31
2014-04-01,YE,038,170.87
2014-03-01,YE,038,170.18
2014-02-01,YE,038,167.78
2014-01-01,YE,038,166.62
2013-12-01,YE,038,166.95
2020-01-01,YE,043,20.0
2019-01-01,YE,043,20.0
2018-01-01,YE,043,20.0
2017-01-01,YE,043,20.0
2016-01-01,YE,043,20.0
2015-01-01,YE,043,20.0
2014-01-01,YE,043,20.0
2013-01-01,YE,043,20.0
2012-01-01,YE,043,20.0
2011-01-01,YE,043,20.0
2010-01-01,YE,043,35.0
2009-01-01,YE,043,35.0
2008-01-01,YE,043,35.0
2007-01-01,YE,043,35.0
2006-01-01,YE,043,35.0
2005-01-01,YE,043,35.0
2004-01-01,YE,043,35.0
2003-01-01,YE,043,35.0
2019-01-01,YE,044,15.0
2018-01-01,YE,044,14.0
2017-01-01,YE,044,16.0
2016-01-01,YE,044,14.0
2015-01-01,YE,044,18.0
2014-01-01,YE,044,19.0
2013-01-01,YE,044,18.0
2012-01-01,YE,044,23.0
2011-01-01,YE,044,21.0
2010-01-01,YE,044,22.0
2009-01-01,YE,044,21.0
2008-01-01,YE,044,23.0
2007-01-01,YE,044,25.0
2006-01-01,YE,044,26.0
2005-01-01,YE,044,27.0
2004-01-01,YE,044,24.0
2003-01-01,YE,044,26.0
2019-01-01,YE,045,177.0
2018-01-01,YE,045,176.0
2017-01-01,YE,045,175.0
2016-01-01,YE,045,170.0
2015-01-01,YE,045,154.0
2014-01-01,YE,045,161.0
2013-01-01,YE,045,167.0
2012-01-01,YE,045,156.0
2011-01-01,YE,045,164.0
2010-01-01,YE,045,146.0
2009-01-01,YE,045,154.0
2008-01-01,YE,045,141.0
2007-01-01,YE,045,131.0
2006-01-01,YE,045,111.0
2005-01-01,YE,045,103.0
2004-01-01,YE,045,112.0
2003-01-01,YE,045,88.0
2019-05-01,YE,048,61.0
2019-04-01,YE,048,61.0
2019-03-01,YE,048,61.0
2019-02-01,YE,048,61.0
2019-01-01,YE,048,61.0
2018-12-01,YE,048,61.0
2018-11-01,YE,048,61.0
2018-10-01,YE,048,61.0
2018-09-01,YE,048,61.0
2018-08-01,YE,048,61.0
2018-07-01,YE,048,61.0
2018-06-01,YE,048,61.0
2018-05-01,YE,048,61.0
2018-04-01,YE,048,61.0
2018-03-01,YE,048,61.0
2018-02-01,YE,048,61.0
2018-01-01,YE,048,61.0
2017-12-01,YE,048,16.0
2017-11-01,YE,048,16.0
2017-10-01,YE,048,16.0
2017-09-01,YE,048,11.0
2017-08-01,YE,048,11.0
2017-07-01,YE,048,11.0
2017-06-01,YE,048,11.0
2017-05-01,YE,048,11.0
2017-04-01,YE,048,11.0
2017-03-01,YE,048,11.0
2017-02-01,YE,048,11.0
2017-01-01,YE,048,11.0
2016-12-01,YE,048,21.0
2016-11-01,YE,048,21.0
2016-10-01,YE,048,21.0
2016-09-01,YE,048,21.0
2016-08-01,YE,048,22.0
2016-07-01,YE,048,22.0
2016-06-01,YE,048,22.0
2016-05-01,YE,048,22.0
2016-04-01,YE,048,22.0
2016-03-01,YE,048,22.0
2016-02-01,YE,048,22.0
2016-01-01,YE,048,22.0
2015-12-01,YE,048,22.0
2015-11-01,YE,048,22.0
2015-10-01,YE,048,22.0
2015-09-01,YE,048,22.0
2015-08-01,YE,048,22.0
2015-07-01,YE,048,22.0
2015-06-01,YE,048,27.0
2015-05-01,YE,048,27.0
2015-04-01,YE,048,75.0
2015-03-01,YE,048,91.0
2015-02-01,YE,048,112.0
2015-01-01,YE,048,112.0
2014-12-01,YE,048,112.0
2014-11-01,YE,048,125.0
2014-10-01,YE,048,125.0
2014-09-01,YE,048,126.0
2014-08-01,YE,048,128.0
2014-07-01,YE,048,129.0
2014-06-01,YE,048,127.0
2014-05-01,YE,048,121.0
2014-04-01,YE,048,123.0
2014-03-01,YE,048,130.0
2014-02-01,YE,048,134.0
2014-01-01,YE,048,121.0
2013-12-01,YE,048,114.0
2013-11-01,YE,048,132.0
2013-10-01,YE,048,133.0
2013-09-01,YE,048,112.0
2013-08-01,YE,048,130.0
2013-07-01,YE,048,135.0
2013-06-01,YE,048,133.0
2013-05-01,YE,048,92.0
2013-04-01,YE,048,93.0
2013-03-01,YE,048,184.0
2013-02-01,YE,048,165.0
2013-01-01,YE,048,147.0
2012-12-01,YE,048,128.0
2012-11-01,YE,048,199.0
2012-10-01,YE,048,200.0
2012-09-01,YE,048,192.0
2012-08-01,YE,048,193.0
2012-07-01,YE,048,204.0
2012-06-01,YE,048,189.0
2012-05-01,YE,048,150.0
2012-04-01,YE,048,177.0
2012-03-01,YE,048,102.0
2012-02-01,YE,048,163.0
2012-01-01,YE,048,130.0
2011-12-01,YE,048,180.0
2011-11-01,YE,048,150.0
2011-10-01,YE,048,150.0
2011-09-01,YE,048,235.0
2011-08-01,YE,048,233.0
2011-07-01,YE,048,237.0
2011-06-01,YE,048,197.0
2011-05-01,YE,048,155.0
2011-04-01,YE,048,177.0
2011-03-01,YE,048,273.0
2011-02-01,YE,048,307.0
2011-01-01,YE,048,308.0
2010-12-01,YE,048,283.0
2010-11-01,YE,048,283.0
2010-10-01,YE,048,283.0
2010-09-01,YE,048,286.0
2010-08-01,YE,048,285.849
2010-07-01,YE,048,285.849
2010-06-01,YE,048,287.849
2010-05-01,YE,048,288.849
2010-04-01,YE,048,260.778
2010-03-01,YE,048,268.775
2010-02-01,YE,048,271.515
2010-01-01,YE,048,274.598
2009-12-01,YE,048,277.915
2009-11-01,YE,048,270.722
2009-10-01,YE,048,288.286
2009-09-01,YE,048,294.783
2009-08-01,YE,048,283.657
2009-07-01,YE,048,283.314
2009-06-01,YE,048,287.73
2009-05-01,YE,048,282.954
2009-04-01,YE,048,294.477
2009-03-01,YE,048,294.694
2009-02-01,YE,048,289.569
2009-01-01,YE,048,274.434
2008-12-01,YE,048,284.644
2008-11-01,YE,048,282.426
2008-10-01,YE,048,289.836
2008-09-01,YE,048,284.373
2008-08-01,YE,048,289.25
2008-07-01,YE,048,294.801
2008-06-01,YE,048,304.579
2008-05-01,YE,048,306.088
2008-04-01,YE,048,296.924
2008-03-01,YE,048,312.679
2008-02-01,YE,048,311.595
2008-01-01,YE,048,322.806
2007-12-01,YE,048,314.752
2007-11-01,YE,048,323.374
2007-10-01,YE,048,313.499
2007-09-01,YE,048,309.749
2007-08-01,YE,048,316.73
2007-07-01,YE,048,312.025
2007-06-01,YE,048,321.803
2007-05-01,YE,048,312.826
2007-04-01,YE,048,310.828
2007-03-01,YE,048,324.973
2007-02-01,YE,048,328.056
2007-01-01,YE,048,336.306
2006-12-01,YE,048,407.38
2006-11-01,YE,048,388.531
2006-10-01,YE,048,350.983
2006-09-01,YE,048,364.283
2006-08-01,YE,048,370.014
2006-07-01,YE,048,355.153
2006-06-01,YE,048,370.499
2006-05-01,YE,048,367.196
2006-04-01,YE,048,364.971
2006-03-01,YE,048,375.882
2006-02-01,YE,048,392.599
2006-01-01,YE,048,392.741
2005-12-01,YE,048,389.735
2005-11-01,YE,048,392.666
2005-10-01,YE,048,404.629
2005-09-01,YE,048,401.478
2005-08-01,YE,048,389.981
2005-07-01,YE,048,404.844
2005-06-01,YE,048,401.894
2005-05-01,YE,048,404.371
2005-04-01,YE,048,400.684
2005-03-01,YE,048,397.394
2005-02-01,YE,048,412.37
2005-01-01,YE,048,402.759
2004-12-01,YE,048,411.404
2004-11-01,YE,048,404.428
2004-10-01,YE,048,405.939
2004-09-01,YE,048,405.932
2004-08-01,YE,048,381.028
2004-07-01,YE,048,397.331
2004-06-01,YE,048,377.073
2004-05-01,YE,048,397.937
2004-04-01,YE,048,399.968
2004-03-01,YE,048,422.037
2004-02-01,YE,048,416.88
2004-01-01,YE,048,432.452
2003-12-01,YE,048,419.127
2003-11-01,YE,048,430.062
2003-10-01,YE,048,423.123
2003-09-01,YE,048,415.155
2003-08-01,YE,048,414.532
2003-07-01,YE,048,426.359
2003-06-01,YE,048,425.777
2003-05-01,YE,048,438.899
2003-04-01,YE,048,434.708
2003-03-01,YE,048,447.905
2003-02-01,YE,048,439.446
2003-01-01,YE,048,438.242
2002-12-01,YE,048,449.82
2002-11-01,YE,048,431.573
2002-10-01,YE,048,437.142
2002-09-01,YE,048,422.092
2002-08-01,YE,048,432.365
2002-07-01,YE,048,446.557
2002-06-01,YE,048,431.478
2002-05-01,YE,048,440.686
2002-04-01,YE,048,460.07
2002-03-01,YE,048,443.808
2002-02-01,YE,048,446.557
2002-01-01,YE,048,430.402
2001-12-01,YE,048,433.808
2001-11-01,YE,048,429.18
2001-10-01,YE,048,426.537
2001-09-01,YE,048,428.442
2001-08-01,YE,048,431.944
2001-07-01,YE,048,438.134
2001-06-01,YE,048,429.167
2001-05-01,YE,048,444.909
2001-04-01,YE,048,446.614
2001-03-01,YE,048,453.779
2001-02-01,YE,048,466.287
2001-01-01,YE,048,463.153
2000-12-01,YE,048,445.4
2000-11-01,YE,048,446.669
2000-10-01,YE,048,436.57
2000-09-01,YE,048,418.834
2000-08-01,YE,048,446.768
2000-07-01,YE,048,439.842
2000-06-01,YE,048,437.486
2000-05-01,YE,048,440.075
2000-04-01,YE,048,434.458
2000-03-01,YE,048,433.255
2000-02-01,YE,048,433.856
2000-01-01,YE,048,439.17
1999-12-01,YE,048,410.0
1999-11-01,YE,048,410.0
1999-10-01,YE,048,410.0
1999-09-01,YE,048,410.0
1999-08-01,YE,048,410.0
1999-07-01,YE,048,410.0
1999-06-01,YE,048,410.0
1999-05-01,YE,048,410.0
1999-04-01,YE,048,410.0
1999-03-01,YE,048,410.0
1999-02-01,YE,048,410.0
1999-01-01,YE,048,400.0
1998-12-01,YE,048,393.0
1998-11-01,YE,048,393.0
1998-10-01,YE,048,393.0
1998-09-01,YE,048,383.0
1998-08-01,YE,048,383.0
1998-07-01,YE,048,393.0
1998-06-01,YE,048,383.0
1998-05-01,YE,048,383.0
1998-04-01,YE,048,383.0
1998-03-01,YE,048,403.0
1998-02-01,YE,048,383.0
1998-01-01,YE,048,383.0
1997-12-01,YE,048,358.0
1997-11-01,YE,048,358.0
1997-10-01,YE,048,358.0
1997-09-01,YE,048,348.0
1997-08-01,YE,048,348.0
1997-07-01,YE,048,348.0
1997-06-01,YE,048,348.0
1997-05-01,YE,048,367.0
1997-04-01,YE,048,367.0
1997-03-01,YE,048,376.0
1997-02-01,YE,048,386.0
1997-01-01,YE,048,386.0
1996-12-01,YE,048,360.0
1996-11-01,YE,048,360.0
1996-10-01,YE,048,340.0
1996-09-01,YE,048,340.0
1996-08-01,YE,048,340.0
1996-07-01,YE,048,340.0
1996-06-01,YE,048,340.0
1996-05-01,YE,048,340.0
1996-04-01,YE,048,335.0
1996-03-01,YE,048,330.0
1996-02-01,YE,048,330.0
1996-01-01,YE,048,330.0
1995-12-01,YE,048,330.0
1995-11-01,YE,048,330.0
1995-10-01,YE,048,330.0
1995-09-01,YE,048,350.0
1995-08-01,YE,048,350.0
1995-07-01,YE,048,350.0
1995-06-01,YE,048,350.0
1995-05-01,YE,048,350.0
1995-04-01,YE,048,350.0
1995-03-01,YE,048,350.0
1995-02-01,YE,048,350.0
1995-01-01,YE,048,350.0
1994-12-01,YE,048,351.0
1994-11-01,YE,048,351.0
1994-10-01,YE,048,336.0
1994-09-01,YE,048,336.0
1994-08-01,YE,048,336.0
1994-07-01,YE,048,321.0
1994-06-01,YE,048,341.0
1994-05-01,YE,048,336.0
1994-04-01,YE,048,336.0
1994-03-01,YE,048,336.0
1994-02-01,YE,048,321.0
1994-01-01,YE,048,321.0
1993-12-01,YE,048,0.0
1993-11-01,YE,048,0.0
1993-10-01,YE,048,0.0
1993-09-01,YE,048,0.0
1993-08-01,YE,048,0.0
1993-07-01,YE,048,0.0
1993-06-01,YE,048,0.0
1993-05-01,YE,048,0.0
1993-04-01,YE,048,0.0
1993-03-01,YE,048,0.0
1993-02-01,YE,048,0.0
1993-01-01,YE,048,0.0
1992-12-01,YE,048,0.0
1992-11-01,YE,048,0.0
1992-10-01,YE,048,0.0
1992-09-01,YE,048,0.0
1992-08-01,YE,048,0.0
1992-07-01,YE,048,0.0
1992-06-01,YE,048,0.0
1992-05-01,YE,048,0.0
1992-04-01,YE,048,0.0
1992-03-01,YE,048,0.0
1992-02-01,YE,048,0.0
1992-01-01,YE,048,0.0
1991-12-01,YE,048,0.0
1991-11-01,YE,048,0.0
1991-10-01,YE,048,0.0
1991-09-01,YE,048,0.0
1991-08-01,YE,048,0.0
1991-07-01,YE,048,0.0
1991-06-01,YE,048,0.0
1991-05-01,YE,048,0.0
1991-04-01,YE,048,0.0
1991-03-01,YE,048,0.0
1991-02-01,YE,048,0.0
1991-01-01,YE,048,0.0
1990-12-01,YE,048,0.0
1990-11-01,YE,048,0.0
1990-10-01,YE,048,0.0
1990-09-01,YE,048,0.0
1990-08-01,YE,048,0.0
1990-07-01,YE,048,0.0
1990-06-01,YE,048,0.0
1990-05-01,YE,048,0.0
1990-04-01,YE,048,0.0
1990-03-01,YE,048,0.0
1990-02-01,YE,048,0.0
1990-01-01,YE,048,0.0
1989-12-01,YE,048,0.0
1989-11-01,YE,048,0.0
1989-10-01,YE,048,0.0
1989-09-01,YE,048,0.0
1989-08-01,YE,048,0.0
1989-07-01,YE,048,0.0
1989-06-01,YE,048,0.0
1989-05-01,YE,048,0.0
1989-04-01,YE,048,0.0
1989-03-01,YE,048,0.0
1989-02-01,YE,048,0.0
1989-01-01,YE,048,0.0
1988-12-01,YE,048,0.0
1988-11-01,YE,048,0.0
1988-10-01,YE,048,0.0
1988-09-01,YE,048,0.0
1988-08-01,YE,048,0.0
1988-07-01,YE,048,0.0
1988-06-01,YE,048,0.0
1988-05-01,YE,048,0.0
1988-04-01,YE,048,0.0
1988-03-01,YE,048,0.0
1988-02-01,YE,048,0.0
1988-01-01,YE,048,0.0
1987-12-01,YE,048,0.0
1987-11-01,YE,048,0.0
1987-10-01,YE,048,0.0
1987-09-01,YE,048,0.0
1987-08-01,YE,048,0.0
1987-07-01,YE,048,0.0
1987-06-01,YE,048,0.0
1987-05-01,YE,048,0.0
1987-04-01,YE,048,0.0
1987-03-01,YE,048,0.0
1987-02-01,YE,048,0.0
1987-01-01,YE,048,0.0
1986-12-01,YE,048,0.0
1986-11-01,YE,048,0.0
1986-10-01,YE,048,0.0
1986-09-01,YE,048,0.0
1986-08-01,YE,048,0.0
1986-07-01,YE,048,0.0
1986-06-01,YE,048,0.0
1986-05-01,YE,048,0.0
1986-04-01,YE,048,0.0
1986-03-01,YE,048,0.0
1986-02-01,YE,048,0.0
1986-01-01,YE,048,0.0
1985-12-01,YE,048,0.0
1985-11-01,YE,048,0.0
1985-10-01,YE,048,0.0
1985-09-01,YE,048,0.0
1985-08-01,YE,048,0.0
1985-07-01,YE,048,0.0
1985-06-01,YE,048,0.0
1985-05-01,YE,048,0.0
1985-04-01,YE,048,0.0
1985-03-01,YE,048,0.0
1985-02-01,YE,048,0.0
1985-01-01,YE,048,0.0
1984-12-01,YE,048,0.0
1984-11-01,YE,048,0.0
1984-10-01,YE,048,0.0
1984-09-01,YE,048,0.0
1984-08-01,YE,048,0.0
1984-07-01,YE,048,0.0
1984-06-01,YE,048,0.0
1984-05-01,YE,048,0.0
1984-04-01,YE,048,0.0
1984-03-01,YE,048,0.0
1984-02-01,YE,048,0.0
1984-01-01,YE,048,0.0
1983-12-01,YE,048,0.0
1983-11-01,YE,048,0.0
1983-10-01,YE,048,0.0
1983-09-01,YE,048,0.0
1983-08-01,YE,048,0.0
1983-07-01,YE,048,0.0
1983-06-01,YE,048,0.0
1983-05-01,YE,048,0.0
1983-04-01,YE,048,0.0
1983-03-01,YE,048,0.0
1983-02-01,YE,048,0.0
1983-01-01,YE,048,0.0
1982-12-01,YE,048,0.0
1982-11-01,YE,048,0.0
1982-10-01,YE,048,0.0
1982-09-01,YE,048,0.0
1982-08-01,YE,048,0.0
1982-07-01,YE,048,0.0
1982-06-01,YE,048,0.0
1982-05-01,YE,048,0.0
1982-04-01,YE,048,0.0
1982-03-01,YE,048,0.0
1982-02-01,YE,048,0.0
1982-01-01,YE,048,0.0
1981-12-01,YE,048,0.0
1981-11-01,YE,048,0.0
1981-10-01,YE,048,0.0
1981-09-01,YE,048,0.0
1981-08-01,YE,048,0.0
1981-07-01,YE,048,0.0
1981-06-01,YE,048,0.0
1981-05-01,YE,048,0.0
1981-04-01,YE,048,0.0
1981-03-01,YE,048,0.0
1981-02-01,YE,048,0.0
1981-01-01,YE,048,0.0
1980-12-01,YE,048,0.0
1980-11-01,YE,048,0.0
1980-10-01,YE,048,0.0
1980-09-01,YE,048,0.0
1980-08-01,YE,048,0.0
1980-07-01,YE,048,0.0
1980-06-01,YE,048,0.0
1980-05-01,YE,048,0.0
1980-04-01,YE,048,0.0
1980-03-01,YE,048,0.0
1980-02-01,YE,048,0.0
1980-01-01,YE,048,0.0
1979-12-01,YE,048,0.0
1979-11-01,YE,048,0.0
1979-10-01,YE,048,0.0
1979-09-01,YE,048,0.0
1979-08-01,YE,048,0.0
1979-07-01,YE,048,0.0
1979-06-01,YE,048,0.0
1979-05-01,YE,048,0.0
1979-04-01,YE,048,0.0
1979-03-01,YE,048,0.0
1979-02-01,YE,048,0.0
1979-01-01,YE,048,0.0
1978-12-01,YE,048,0.0
1978-11-01,YE,048,0.0
1978-10-01,YE,048,0.0
1978-09-01,YE,048,0.0
1978-08-01,YE,048,0.0
1978-07-01,YE,048,0.0
1978-06-01,YE,048,0.0
1978-05-01,YE,048,0.0
1978-04-01,YE,048,0.0
1978-03-01,YE,048,0.0
1978-02-01,YE,048,0.0
1978-01-01,YE,048,0.0
1977-12-01,YE,048,0.0
1977-11-01,YE,048,0.0
1977-10-01,YE,048,0.0
1977-09-01,YE,048,0.0
1977-08-01,YE,048,0.0
1977-07-01,YE,048,0.0
1977-06-01,YE,048,0.0
1977-05-01,YE,048,0.0
1977-04-01,YE,048,0.0
1977-03-01,YE,048,0.0
1977-02-01,YE,048,0.0
1977-01-01,YE,048,0.0
1976-12-01,YE,048,0.0
1976-11-01,YE,048,0.0
1976-10-01,YE,048,0.0
1976-09-01,YE,048,0.0
1976-08-01,YE,048,0.0
1976-07-01,YE,048,0.0
1976-06-01,YE,048,0.0
1976-05-01,YE,048,0.0
1976-04-01,YE,048,0.0
1976-03-01,YE,048,0.0
1976-02-01,YE,048,0.0
1976-01-01,YE,048,0.0
1975-12-01,YE,048,0.0
1975-11-01,YE,048,0.0
1975-10-01,YE,048,0.0
1975-09-01,YE,048,0.0
1975-08-01,YE,048,0.0
1975-07-01,YE,048,0.0
1975-06-01,YE,048,0.0
1975-05-01,YE,048,0.0
1975-04-01,YE,048,0.0
1975-03-01,YE,048,0.0
1975-02-01,YE,048,0.0
1975-01-01,YE,048,0.0
1974-12-01,YE,048,0.0
1974-11-01,YE,048,0.0
1974-10-01,YE,048,0.0
1974-09-01,YE,048,0.0
1974-08-01,YE,048,0.0
1974-07-01,YE,048,0.0
1974-06-01,YE,048,0.0
1974-05-01,YE,048,0.0
1974-04-01,YE,048,0.0
1974-03-01,YE,048,0.0
1974-02-01,YE,048,0.0
1974-01-01,YE,048,0.0
1973-12-01,YE,048,0.0
1973-11-01,YE,048,0.0
1973-10-01,YE,048,0.0
1973-09-01,YE,048,0.0
1973-08-01,YE,048,0.0
1973-07-01,YE,048,0.0
1973-06-01,YE,048,0.0
1973-05-01,YE,048,0.0
1973-04-01,YE,048,0.0
1973-03-01,YE,048,0.0
1973-02-01,YE,048,0.0
1973-01-01,YE,048,0.0
2015-04-01,YE,049,1.0
2015-03-01,YE,049,1.0
2015-02-01,YE,049,2.0
2015-01-01,YE,049,3.0
2014-12-01,YE,049,3.0
2014-11-01,YE,049,3.0
2014-10-01,YE,049,3.0
2014-09-01,YE,049,4.0
2014-08-01,YE,049,3.0
2014-07-01,YE,049,4.0
2014-06-01,YE,049,4.0
2014-05-01,YE,049,4.0
2014-04-01,YE,049,4.0
2014-03-01,YE,049,4.0
2014-02-01,YE,049,4.0
2014-01-01,YE,049,5.0
2013-12-01,YE,049,6.0
2013-11-01,YE,049,3.0
2013-10-01,YE,049,6.0
2013-09-01,YE,049,4.0
2013-08-01,YE,049,6.0
2013-07-01,YE,049,5.0
2013-06-01,YE,049,6.0
2013-05-01,YE,049,4.0
2013-04-01,YE,049,4.0
2013-03-01,YE,049,3.0
2013-02-01,YE,049,5.0
2013-01-01,YE,049,4.0
2012-12-01,YE,049,4.0
2012-11-01,YE,049,7.0
2012-10-01,YE,049,5.0
2012-09-01,YE,049,4.0
2012-08-01,YE,049,4.0
2012-07-01,YE,049,4.0
2012-06-01,YE,049,3.0
2019-01-01,YE,050,0.0
2018-01-01,YE,050,0.0
2017-01-01,YE,050,0.0
2016-01-01,YE,050,0.0
2015-01-01,YE,050,0.0
2014-01-01,YE,050,0.0
2013-01-01,YE,050,0.0
2012-01-01,YE,050,0.0
2011-01-01,YE,050,0.0
2010-01-01,YE,050,0.0
2009-01-01,YE,050,0.0
2008-01-01,YE,050,0.0
2007-01-01,YE,050,-1.0
2006-01-01,YE,050,0.0
2005-01-01,YE,050,0.0
2004-01-01,YE,050,0.0
2003-01-01,YE,050,0.0
2002-01-01,YE,050,0.0
2001-01-01,YE,050,0.0
2000-01-01,YE,050,0.0
1999-01-01,YE,050,0.0
1998-01-01,YE,050,0.0
1997-01-01,YE,050,0.0
1996-01-01,YE,050,0.0
1995-01-01,YE,050,0.0
1994-01-01,YE,050,0.0
1993-01-01,YE,050,0.0
1992-01-01,YE,050,0.0
1991-01-01,YE,050,0.0
1990-01-01,YE,050,-0.4
1989-01-01,YE,050,3.8
1988-01-01,YE,050,0.1
1987-01-01,YE,050,0.3
1986-01-01,YE,050,0.2
1985-01-01,YE,050,0.0
1984-01-01,YE,050,0.0
1983-01-01,YE,050,0.0
1982-01-01,YE,050,0.0
1981-01-01,YE,050,0.0
2019-01-01,YE,051,0.0
2018-01-01,YE,051,0.0
2017-01-01,YE,051,0.0
2016-01-01,YE,051,0.0
2015-01-01,YE,051,0.0
2014-01-01,YE,051,0.0
2013-01-01,YE,051,0.0
2012-01-01,YE,051,0.0
2011-01-01,YE,051,0.0
2010-01-01,YE,051,0.0
2009-01-01,YE,051,0.0
2008-01-01,YE,051,0.0
2007-01-01,YE,051,-1.0
2006-01-01,YE,051,0.0
2005-01-01,YE,051,0.0
2004-01-01,YE,051,0.0
2003-01-01,YE,051,0.0
2002-01-01,YE,051,0.0
2001-01-01,YE,051,0.0
2000-01-01,YE,051,0.0
1999-01-01,YE,051,0.0
1998-01-01,YE,051,0.0
1997-01-01,YE,051,0.0
1996-01-01,YE,051,0.0
1995-01-01,YE,051,0.0
1994-01-01,YE,051,0.0
1993-01-01,YE,051,0.0
1992-01-01,YE,051,0.0
1991-01-01,YE,051,0.0
1990-01-01,YE,051,-0.4
1989-01-01,YE,051,3.8
1988-01-01,YE,051,0.1
1987-01-01,YE,051,0.3
1986-01-01,YE,051,0.2
1985-01-01,YE,051,0.0
1984-01-01,YE,051,0.0
1983-01-01,YE,051,0.0
1982-01-01,YE,051,0.0
1981-01-01,YE,051,0.0
2016-10-01,YE,053,-459.0
2016-07-01,YE,053,-552.0
2016-04-01,YE,053,-746.0
2016-01-01,YE,053,-665.0
2015-10-01,YE,053,-1251.0
2015-07-01,YE,053,-478.0
2015-04-01,YE,053,-386.0
2015-01-01,YE,053,-912.0
2014-10-01,YE,053,-1063.0
2014-07-01,YE,053,629.0
2014-04-01,YE,053,-503.0
2014-01-01,YE,053,-551.0
2013-10-01,YE,053,-203.0
2013-07-01,YE,053,-387.0
2013-04-01,YE,053,-595.0
2013-01-01,YE,053,-345.0
2012-10-01,YE,053,-451.0
2012-07-01,YE,053,22.0
2012-04-01,YE,053,-322.0
2012-01-01,YE,053,416.0
2011-10-01,YE,053,-416.0
2011-07-01,YE,053,195.0
2011-04-01,YE,053,-522.0
2011-01-01,YE,053,-419.0
2010-10-01,YE,053,-285.0
2010-07-01,YE,053,-236.0
2010-04-01,YE,053,-621.0
2010-01-01,YE,053,-256.0
2009-10-01,YE,053,-566.0
2009-07-01,YE,053,-301.0
2009-04-01,YE,053,-891.0
2009-01-01,YE,053,-769.0
2008-10-01,YE,053,-1358.0
2008-07-01,YE,053,417.0
2008-04-01,YE,053,-222.0
2008-01-01,YE,053,-88.0
2007-10-01,YE,053,-664.0
2007-07-01,YE,053,-1102.0
2007-04-01,YE,053,216.0
2007-01-01,YE,053,42.0
2006-10-01,YE,053,-533.0
2006-07-01,YE,053,-128.0
2006-04-01,YE,053,475.0
2006-01-01,YE,053,391.0
2005-10-01,YE,053,344.0
2005-07-01,YE,053,204.0
2005-04-01,YE,053,88.0
2005-01-01,YE,053,-12.0
2016-01-01,YE,054,-7.8
2015-01-01,YE,054,-7.1
2014-01-01,YE,054,-3.4
2013-01-01,YE,054,-3.8
2012-01-01,YE,054,-0.9
2011-01-01,YE,054,-1.6
2010-01-01,YE,054,-3.4
2009-01-01,YE,054,-10.1
2008-01-01,YE,054,-4.6
2007-01-01,YE,054,-7.0
2006-01-01,YE,054,1.1
2005-01-01,YE,054,3.7
2014-07-01,YE,055,15.0
2014-06-01,YE,055,15.0
2014-05-01,YE,055,15.0
2014-04-01,YE,055,15.0
2014-03-01,YE,055,15.0
2014-02-01,YE,055,15.0
2014-01-01,YE,055,15.0
2013-12-01,YE,055,15.0
2013-11-01,YE,055,15.0
2013-10-01,YE,055,15.0
2013-09-01,YE,055,15.0
2013-08-01,YE,055,15.0
2013-07-01,YE,055,15.0
2013-06-01,YE,055,15.0
2013-05-01,YE,055,15.0
2013-04-01,YE,055,15.0
2013-03-01,YE,055,15.0
2013-02-01,YE,055,15.0
2013-01-01,YE,055,18.0
2012-12-01,YE,055,18.0
2012-11-01,YE,055,18.0
2012-10-01,YE,055,18.0
2012-09-01,YE,055,20.0
2012-08-01,YE,055,20.0
2012-07-01,YE,055,20.0
2012-06-01,YE,055,20.0
2012-05-01,YE,055,20.0
2012-04-01,YE,055,20.0
2012-03-01,YE,055,20.0
2012-02-01,YE,055,20.0
2012-01-01,YE,055,20.0
2011-12-01,YE,055,20.0
2011-11-01,YE,055,20.0
2011-10-01,YE,055,20.0
2011-09-01,YE,055,20.0
2011-08-01,YE,055,20.0
2011-07-01,YE,055,20.0
2011-06-01,YE,055,20.0
2011-05-01,YE,055,20.0
2011-04-01,YE,055,20.0
2011-03-01,YE,055,20.0
2011-02-01,YE,055,20.0
2011-01-01,YE,055,20.0
2010-12-01,YE,055,20.0
2010-11-01,YE,055,20.0
2010-10-01,YE,055,20.0
2010-09-01,YE,055,20.0
2010-08-01,YE,055,20.0
2010-07-01,YE,055,20.0
2010-06-01,YE,055,20.0
2010-05-01,YE,055,20.0
2010-04-01,YE,055,20.0
2010-03-01,YE,055,20.0
2010-02-01,YE,055,12.0
2010-01-01,YE,055,12.0
2009-12-01,YE,055,10.0
2009-11-01,YE,055,10.0
2009-10-01,YE,055,10.0
2009-09-01,YE,055,10.0
2009-08-01,YE,055,10.0
2009-07-01,YE,055,10.0
2009-06-01,YE,055,10.0
2009-05-01,YE,055,10.0
2009-04-01,YE,055,12.0
2009-03-01,YE,055,12.0
2009-02-01,YE,055,12.0
2009-01-01,YE,055,12.0
2008-12-01,YE,055,13.0
2008-11-01,YE,055,13.0
2008-10-01,YE,055,13.0
2008-09-01,YE,055,13.0
2008-08-01,YE,055,13.0
2008-07-01,YE,055,13.0
2008-06-01,YE,055,13.0
2008-05-01,YE,055,13.0
2008-04-01,YE,055,13.0
2008-03-01,YE,055,13.0
2008-02-01,YE,055,13.0
2008-01-01,YE,055,13.0
2007-12-01,YE,055,13.0
2007-11-01,YE,055,13.0
2007-10-01,YE,055,13.0
2007-09-01,YE,055,13.0
2007-08-01,YE,055,13.0
2007-07-01,YE,055,13.0
2007-06-01,YE,055,13.0
2007-05-01,YE,055,13.0
2007-04-01,YE,055,13.0
2007-03-01,YE,055,13.0
2007-02-01,YE,055,13.0
2007-01-01,YE,055,13.0
2006-12-01,YE,055,13.0
2006-11-01,YE,055,13.0
2006-10-01,YE,055,13.0
2006-09-01,YE,055,13.0
2006-08-01,YE,055,13.0
2006-07-01,YE,055,13.0
2006-06-01,YE,055,13.0
2006-05-01,YE,055,13.0
2006-04-01,YE,055,13.0
2006-03-01,YE,055,13.0
2006-02-01,YE,055,13.0
2006-01-01,YE,055,13.0
2005-12-01,YE,055,13.0
2005-11-01,YE,055,13.0
2005-10-01,YE,055,13.0
2005-09-01,YE,055,13.0
2005-08-01,YE,055,13.0
2005-07-01,YE,055,13.0
2005-06-01,YE,055,13.0
2005-05-01,YE,055,13.0
2005-04-01,YE,055,13.0
2005-03-01,YE,055,13.0
2005-02-01,YE,055,13.0
2005-01-01,YE,055,13.0
2004-12-01,YE,055,13.0
2004-11-01,YE,055,13.0
2004-10-01,YE,055,13.0
2004-09-01,YE,055,13.0
2004-08-01,YE,055,13.0
2004-07-01,YE,055,13.0
2004-06-01,YE,055,13.0
2004-05-01,YE,055,13.0
2004-04-01,YE,055,13.0
2004-03-01,YE,055,13.0
2004-02-01,YE,055,13.0
2004-01-01,YE,055,13.0
2003-12-01,YE,055,13.0
2003-11-01,YE,055,13.0
2003-10-01,YE,055,13.0
2003-09-01,YE,055,13.0
2003-08-01,YE,055,13.0
2003-07-01,YE,055,13.0
2003-06-01,YE,055,13.0
2003-05-01,YE,055,13.0
2003-04-01,YE,055,13.0
2003-03-01,YE,055,13.0
2003-02-01,YE,055,13.0
2003-01-01,YE,055,13.0
2002-12-01,YE,055,13.0
2002-11-01,YE,055,13.0
2002-10-01,YE,055,13.0
2002-09-01,YE,055,13.0
2002-08-01,YE,055,13.0
2002-07-01,YE,055,13.0
2002-06-01,YE,055,13.0
2002-05-01,YE,055,13.0
2002-04-01,YE,055,13.0
2002-03-01,YE,055,13.0
2002-02-01,YE,055,13.0
2002-01-01,YE,055,13.0
2001-12-01,YE,055,13.0
2001-11-01,YE,055,13.0
2001-10-01,YE,055,13.0
2001-09-01,YE,055,13.0
2001-08-01,YE,055,13.0
2001-07-01,YE,055,13.0
2001-06-01,YE,055,13.0
2001-05-01,YE,055,13.0
2001-04-01,YE,055,13.0
2001-03-01,YE,055,13.0
2001-02-01,YE,055,13.0
2001-01-01,YE,055,13.0
2000-12-01,YE,055,13.0
2000-11-01,YE,055,13.0
2000-10-01,YE,055,13.0
2000-09-01,YE,055,13.0
2000-08-01,YE,055,13.0
2000-07-01,YE,055,13.0
2000-06-01,YE,055,15.0
2000-05-01,YE,055,15.0
2000-04-01,YE,055,15.0
2000-03-01,YE,055,15.0
2000-02-01,YE,055,15.0
2000-01-01,YE,055,15.0
1999-12-01,YE,055,18.0
1999-11-01,YE,055,20.0
1999-10-01,YE,055,20.0
1999-09-01,YE,055,20.0
1999-08-01,YE,055,20.0
1999-07-01,YE,055,20.0
1999-06-01,YE,055,20.0
1999-05-01,YE,055,17.0
1999-04-01,YE,055,17.0
1999-03-01,YE,055,17.0
1999-02-01,YE,055,15.0
1999-01-01,YE,055,15.0
1998-12-01,YE,055,15.0
1998-11-01,YE,055,15.0
1998-10-01,YE,055,15.0
1998-09-01,YE,055,10.0
1998-08-01,YE,055,10.0
1998-07-01,YE,055,10.0
1998-06-01,YE,055,10.0
1998-05-01,YE,055,10.0
1998-04-01,YE,055,10.0
1998-03-01,YE,055,10.0
1998-02-01,YE,055,10.0
1998-01-01,YE,055,11.0
1997-12-01,YE,055,11.0
1997-11-01,YE,055,12.0
1997-10-01,YE,055,12.0
1997-09-01,YE,055,12.0
1997-08-01,YE,055,12.0
1997-07-01,YE,055,12.0
1997-06-01,YE,055,14.0
1997-05-01,YE,055,14.0
1997-04-01,YE,055,20.0
1997-03-01,YE,055,20.0
1997-02-01,YE,055,20.0
1997-01-01,YE,055,20.0
1996-12-01,YE,055,20.0
1996-11-01,YE,055,25.0
1996-10-01,YE,055,25.0
1996-09-01,YE,055,25.0
1996-08-01,YE,055,25.0
1996-07-01,YE,055,25.0
1996-06-01,YE,055,25.0
1996-05-01,YE,055,25.0
1996-04-01,YE,055,25.0
1996-03-01,YE,055,25.0
1996-02-01,YE,055,20.0
1996-01-01,YE,055,20.0
1995-12-01,YE,055,20.0
2019-01-01,YE,058,187.0
2015-01-01,YE,061,0.0
2014-01-01,YE,061,0.0
2013-01-01,YE,061,0.0
2012-01-01,YE,061,0.0
2011-01-01,YE,061,0.0
2010-01-01,YE,061,0.0
2009-01-01,YE,061,0.0
2008-01-01,YE,061,0.0
2007-01-01,YE,061,0.0
2006-01-01,YE,061,0.0
2005-01-01,YE,061,0.0
2004-01-01,YE,061,0.0
2003-01-01,YE,061,0.0
2002-01-01,YE,061,0.0
2001-01-01,YE,061,0.0
2000-01-01,YE,061,0.0
1999-01-01,YE,061,0.0
1998-01-01,YE,061,0.0
1997-01-01,YE,061,0.0
1996-01-01,YE,061,0.0
1995-01-01,YE,061,0.0
1994-01-01,YE,061,0.0
1993-01-01,YE,061,0.0
1992-01-01,YE,061,0.0
1991-01-01,YE,061,0.0
1990-01-01,YE,061,0.0
1989-01-01,YE,061,0.0
1988-01-01,YE,061,0.0
1987-01-01,YE,061,0.0
1986-01-01,YE,061,0.0
1985-01-01,YE,061,0.0
1984-01-01,YE,061,0.0
1983-01-01,YE,061,0.0
1982-01-01,YE,061,0.0
1981-01-01,YE,061,0.0
1980-01-01,YE,061,0.0
1979-01-01,YE,061,0.0
1978-01-01,YE,061,0.0
1977-01-01,YE,061,0.0
1976-01-01,YE,061,0.0
1975-01-01,YE,061,0.0
1974-01-01,YE,061,0.0
1973-01-01,YE,061,0.0
1972-01-01,YE,061,0.0
1971-01-01,YE,061,0.0
1999-01-01,YE,062,3622.0
2019-01-01,YE,064,6735.0
2018-01-01,YE,064,6545.0
2017-01-01,YE,064,6313.0
2016-01-01,YE,064,6080.0
2015-01-01,YE,064,5846.0
2014-01-01,YE,064,5604.0
2013-01-01,YE,064,5505.0
2012-01-01,YE,064,5409.0
2011-01-01,YE,064,5317.0
2010-01-01,YE,064,5231.0
2009-01-01,YE,064,5089.0
2008-01-01,YE,064,4948.0
2007-01-01,YE,064,4811.0
2006-01-01,YE,064,4684.0
2005-01-01,YE,064,4570.0
2004-01-01,YE,064,4456.0
2003-01-01,YE,064,4354.0
2002-01-01,YE,064,4262.0
2001-01-01,YE,064,4174.0
2000-01-01,YE,064,4087.0
1999-01-01,YE,064,4016.0
1998-01-01,YE,064,3845.0
1997-01-01,YE,064,3684.0
1996-01-01,YE,064,3529.0
1995-01-01,YE,064,3375.0
1994-01-01,YE,064,3172.0
1993-01-01,YE,064,2991.0
1992-01-01,YE,064,2806.0
1991-01-01,YE,064,2634.0
1990-01-01,YE,064,2475.0
2018-01-01,YE,066,297.5
2017-01-01,YE,066,256.5
2016-01-01,YE,066,229.9
2015-01-01,YE,066,240.7
2014-01-01,YE,066,337.2
2013-01-01,YE,066,359.5
2012-01-01,YE,066,374.9
2011-01-01,YE,066,360.7
2010-01-01,YE,066,272.0
2009-01-01,YE,066,223.5
2008-01-01,YE,066,323.8
2007-01-01,YE,066,241.2
2006-01-01,YE,066,218.3
2005-01-01,YE,066,182.3
2004-01-01,YE,066,131.4
2003-01-01,YE,066,102.4
2002-01-01,YE,066,89.0
2001-01-01,YE,066,87.8
2000-01-01,YE,066,100.0
2018-01-01,YE,067,2500.0
2017-01-01,YE,067,1500.0
2016-01-01,YE,067,500.0
2015-01-01,YE,067,2000.0
2014-01-01,YE,067,7792.0
2013-01-01,YE,067,8300.0
2012-01-01,YE,067,8300.0
2011-01-01,YE,067,9700.0
2010-01-01,YE,067,8100.0
2009-01-01,YE,067,6259.0
2008-01-01,YE,067,7584.0
2007-01-01,YE,067,6299.0
2006-01-01,YE,067,6654.0
2005-01-01,YE,067,5608.0
2004-01-01,YE,067,4072.0
2003-01-01,YE,067,3733.0
2002-01-01,YE,067,3336.0
2001-01-01,YE,067,3374.0
2000-01-01,YE,067,4079.0
1999-01-01,YE,067,2440.0
1998-01-01,YE,067,1496.0
1997-01-01,YE,067,2504.0
1996-01-01,YE,067,2675.0
1995-01-01,YE,067,1945.0
1994-01-01,YE,067,934.0
1993-01-01,YE,067,611.0
1992-01-01,YE,067,619.0
1991-01-01,YE,067,659.0
1990-01-01,YE,067,692.0
1989-01-01,YE,067,606.0
1988-01-01,YE,067,447.0
1987-01-01,YE,067,48.0
1986-01-01,YE,067,8.0
1985-01-01,YE,067,13.0
1984-01-01,YE,067,16.0
1983-01-01,YE,067,27.0
1982-01-01,YE,067,39.0
1981-01-01,YE,067,47.0
1980-01-01,YE,067,23.0
1979-01-01,YE,067,14.0
1978-01-01,YE,067,7.0
1977-01-01,YE,067,11.0
1976-01-01,YE,067,8.0
1975-01-01,YE,067,11.0
1974-01-01,YE,067,13.0
1973-01-01,YE,067,8.0
1972-01-01,YE,067,4.0
1971-01-01,YE,067,4.0
1970-01-01,YE,067,3.0
1969-01-01,YE,067,4.0
1968-01-01,YE,067,4.0
1967-01-01,YE,067,4.0
1966-01-01,YE,067,3.0
1965-01-01,YE,067,5.0
1964-01-01,YE,067,4.0
1963-01-01,YE,067,6.0
1962-01-01,YE,067,6.0
1961-01-01,YE,067,11.0
1960-01-01,YE,067,11.0
2018-01-01,YE,068,7037.0
2017-01-01,YE,068,7193.0
2016-01-01,YE,068,7063.0
2015-01-01,YE,068,7299.0
2014-01-01,YE,068,7723.0
2013-01-01,YE,068,7689.0
2012-01-01,YE,068,7586.0
2011-01-01,YE,068,6429.0
2010-01-01,YE,068,6504.0
2009-01-01,YE,068,6799.0
2008-01-01,YE,068,6229.0
2007-01-01,YE,068,6155.0
2006-01-01,YE,068,5714.0
2005-01-01,YE,068,5478.0
2004-01-01,YE,068,5603.0
2003-01-01,YE,068,5481.0
2002-01-01,YE,068,5323.0
2001-01-01,YE,068,5188.0
2000-01-01,YE,068,5152.0
1999-01-01,YE,068,5132.0
1998-01-01,YE,068,5778.0
1997-01-01,YE,068,3917.0
1996-01-01,YE,068,6400.0
1995-01-01,YE,068,6251.0
1994-01-01,YE,068,6154.0
1993-01-01,YE,068,5945.0
1992-01-01,YE,068,6573.0
1991-01-01,YE,068,6475.0
1990-01-01,YE,068,6354.0
1989-01-01,YE,068,5595.0
1988-01-01,YE,068,5248.0
1987-01-01,YE,068,4587.0
1986-01-01,YE,068,3883.0
1985-01-01,YE,068,3341.0
1984-01-01,YE,068,3003.0
1983-01-01,YE,068,2798.0
1982-01-01,YE,068,2405.0
1981-01-01,YE,068,2041.0
1980-01-01,YE,068,1686.0
1979-01-01,YE,068,1175.0
1978-01-01,YE,068,927.0
1977-01-01,YE,068,723.0
1976-01-01,YE,068,535.0
1975-01-01,YE,068,440.0
1974-01-01,YE,068,375.0
1973-01-01,YE,068,258.0
1972-01-01,YE,068,99.0
1971-01-01,YE,068,49.0
1970-01-01,YE,068,0.0
2017-01-01,YE,072,208513.0
2016-01-01,YE,072,124686.0
2015-01-01,YE,072,161137.0
2014-01-01,YE,072,727583.0
2013-01-01,YE,072,703973.0
2012-01-01,YE,072,660355.0
2011-01-01,YE,072,384866.0
2010-01-01,YE,072,791415.0
2009-01-01,YE,072,690460.0
2008-01-01,YE,072,828732.0
2007-01-01,YE,072,740840.0
2006-01-01,YE,072,616036.0
2005-01-01,YE,072,594523.0
2004-01-01,YE,072,519868.0
2003-01-01,YE,072,447822.0
2002-01-01,YE,072,347128.0
2001-01-01,YE,072,325114.0
2000-01-01,YE,072,294963.0
1999-01-01,YE,072,222578.0
1998-01-01,YE,072,203181.0
1997-01-01,YE,072,214300.0
1996-01-01,YE,072,167931.0
1995-01-01,YE,072,110681.0
1994-01-01,YE,072,61378.0
1993-01-01,YE,072,43369.0
1992-01-01,YE,072,39395.0
1991-01-01,YE,072,20603.0
1990-01-01,YE,072,15542.0
2007-01-01,YE,074,1594.0
2006-01-01,YE,074,1514.0
2005-01-01,YE,074,1119.0
2018-01-01,YE,075,3605667.0
2017-01-01,YE,075,5601000.0
2016-01-01,YE,075,787000.0
2015-01-01,YE,075,4429000.0
2014-01-01,YE,075,11587000.0
2013-01-01,YE,075,5390000.0
2012-01-01,YE,075,8516000.0
2011-01-01,YE,075,57847000.0
2010-01-01,YE,075,71257000.0
2009-01-01,YE,075,71878000.0
2008-01-01,YE,075,229862000.0
2007-01-01,YE,075,39490000.0
2006-01-01,YE,075,9250000.0
2005-01-01,YE,075,23640000.0
2004-01-01,YE,075,21552000.0
2003-01-01,YE,075,48898000.0
2002-01-01,YE,075,28093000.0
2001-01-01,YE,075,14613000.0
2000-01-01,YE,075,-8564000.0
1999-01-01,YE,075,-3997869.0
1998-01-01,YE,075,4004451.0
1997-01-01,YE,075,5085190.0
1996-01-01,YE,075,8195484.0
1995-01-01,YE,075,400685.0
1994-01-01,YE,075,2440909.0
1993-01-01,YE,075,202333.0
1986-01-01,YE,075,460000.0
1985-01-01,YE,075,470000.0
1984-01-01,YE,075,219178.0
1983-01-01,YE,075,220000.0
1982-01-01,YE,075,3510000.0
2014-07-01,YE,076,4975.0
2014-06-01,YE,076,4538.0
2014-05-01,YE,076,4312.0
2014-04-01,YE,076,4432.0
2014-03-01,YE,076,4630.0
2014-02-01,YE,076,4702.0
2014-01-01,YE,076,4916.0
2013-12-01,YE,076,5033.0
2013-11-01,YE,076,5240.0
2013-10-01,YE,076,5235.0
2013-09-01,YE,076,5331.0
2013-08-01,YE,076,5374.0
2013-07-01,YE,076,5314.0
2013-06-01,YE,076,5369.0
2013-05-01,YE,076,5500.0
2013-04-01,YE,076,5642.0
2013-03-01,YE,076,5651.0
2013-02-01,YE,076,5439.0
2013-01-01,YE,076,5893.0
2012-12-01,YE,076,5814.0
2012-11-01,YE,076,5787.0
2012-10-01,YE,076,5602.0
2012-09-01,YE,076,5873.0
2012-08-01,YE,076,4638.0
2012-07-01,YE,076,4435.0
2012-06-01,YE,076,4366.0
2012-05-01,YE,076,4307.0
2012-04-01,YE,076,4469.0
2012-03-01,YE,076,4469.0
2012-02-01,YE,076,4420.0
2012-01-01,YE,076,4347.0
2011-12-01,YE,076,4195.0
2011-11-01,YE,076,4259.0
2011-10-01,YE,076,4491.0
2011-09-01,YE,076,4450.0
2011-08-01,YE,076,4398.0
2011-07-01,YE,076,4487.0
2011-06-01,YE,076,4410.0
2011-05-01,YE,076,4505.0
2011-04-01,YE,076,4795.0
2011-03-01,YE,076,4988.0
2011-02-01,YE,076,5619.0
2011-01-01,YE,076,5596.0
2010-12-01,YE,076,5588.0
2010-11-01,YE,076,5380.0
2010-10-01,YE,076,5632.0
2010-09-01,YE,076,5693.0
2010-08-01,YE,076,5533.0
2010-07-01,YE,076,5383.0
2010-06-01,YE,076,5510.0
2010-05-01,YE,076,5563.0
2010-04-01,YE,076,5778.0
2010-03-01,YE,076,5818.0
2010-02-01,YE,076,6049.0
2010-01-01,YE,076,6187.0
2009-12-01,YE,076,6622.0
2009-11-01,YE,076,6703.0
2009-10-01,YE,076,6884.0
2009-09-01,YE,076,7031.0
2009-08-01,YE,076,6908.0
2009-07-01,YE,076,6743.0
2009-06-01,YE,076,7059.0
2009-05-01,YE,076,7267.0
2009-04-01,YE,076,7242.0
2009-03-01,YE,076,7404.0
2009-02-01,YE,076,7486.0
2009-01-01,YE,076,7776.0
2008-12-01,YE,076,8111.0
2008-11-01,YE,076,8170.0
2008-10-01,YE,076,8770.0
2008-09-01,YE,076,8274.0
2008-08-01,YE,076,8426.0
2008-07-01,YE,076,8426.0
2008-06-01,YE,076,8217.0
2008-05-01,YE,076,8007.0
2008-04-01,YE,076,7737.0
2008-03-01,YE,076,8128.0
2008-02-01,YE,076,7788.0
2008-01-01,YE,076,7695.0
2007-12-01,YE,076,7715.0
2007-11-01,YE,076,7663.0
2007-10-01,YE,076,7655.0
2007-09-01,YE,076,7570.0
2007-08-01,YE,076,7506.0
2007-07-01,YE,076,7496.0
2007-06-01,YE,076,7521.0
2007-05-01,YE,076,7559.0
2007-04-01,YE,076,7608.0
2007-03-01,YE,076,7572.0
2007-02-01,YE,076,7657.0
2007-01-01,YE,076,7533.0
2006-12-01,YE,076,7504.0
2006-11-01,YE,076,7479.0
2006-10-01,YE,076,7349.0
2006-09-01,YE,076,7243.0
2006-08-01,YE,076,7208.0
2006-07-01,YE,076,7051.0
2006-06-01,YE,076,6797.0
2006-05-01,YE,076,6798.0
2006-04-01,YE,076,6536.0
2006-03-01,YE,076,6384.0
2006-02-01,YE,076,6373.0
2006-01-01,YE,076,6267.0
2005-12-01,YE,076,6097.0
2005-11-01,YE,076,5985.0
2005-10-01,YE,076,5865.0
2005-09-01,YE,076,5785.0
2005-08-01,YE,076,5645.0
2005-07-01,YE,076,5517.0
2005-06-01,YE,076,5253.0
2005-05-01,YE,076,5373.0
2005-04-01,YE,076,5418.0
2005-03-01,YE,076,5412.0
2005-02-01,YE,076,5472.0
2005-01-01,YE,076,5546.0
2004-12-01,YE,076,5613.0
2004-11-01,YE,076,5568.0
2004-10-01,YE,076,5478.0
2004-09-01,YE,076,5360.0
2004-08-01,YE,076,5267.0
2004-07-01,YE,076,5169.0
2004-06-01,YE,076,5084.0
2004-05-01,YE,076,5210.0
2004-04-01,YE,076,5060.0
2004-03-01,YE,076,5015.0
2004-02-01,YE,076,5018.0
2004-01-01,YE,076,5014.0
2003-12-01,YE,076,4982.0
2003-11-01,YE,076,4949.0
2003-10-01,YE,076,5092.0
2003-09-01,YE,076,4947.0
2003-08-01,YE,076,4858.0
2003-07-01,YE,076,4842.0
2003-06-01,YE,076,4798.0
2003-05-01,YE,076,4695.0
2003-04-01,YE,076,4596.0
2003-03-01,YE,076,4547.0
2003-02-01,YE,076,4532.0
2003-01-01,YE,076,4408.0
2002-12-01,YE,076,4366.0
2002-11-01,YE,076,4177.0
2002-10-01,YE,076,4087.0
2002-09-01,YE,076,3995.0
2002-08-01,YE,076,3947.0
2002-07-01,YE,076,3870.0
2002-06-01,YE,076,3822.0
2002-05-01,YE,076,3722.0
2002-04-01,YE,076,3659.0
2002-03-01,YE,076,3598.0
2002-02-01,YE,076,3631.0
2002-01-01,YE,076,3597.0
2001-12-01,YE,076,3640.0
2001-11-01,YE,076,3589.0
2001-10-01,YE,076,3623.0
2001-09-01,YE,076,3479.0
2001-08-01,YE,076,3378.0
2001-07-01,YE,076,3319.0
2001-06-01,YE,076,3227.0
2001-05-01,YE,076,3133.0
2001-04-01,YE,076,3074.0
2001-03-01,YE,076,3014.0
2001-02-01,YE,076,2905.0
2001-01-01,YE,076,2874.0
2000-12-01,YE,076,2816.0
2000-11-01,YE,076,2674.0
2000-10-01,YE,076,2498.0
2000-09-01,YE,076,2423.0
2000-08-01,YE,076,2196.0
2000-07-01,YE,076,2197.0
2000-06-01,YE,076,1987.0
2000-05-01,YE,076,1806.0
2000-04-01,YE,076,1680.0
2000-03-01,YE,076,1595.0
2000-02-01,YE,076,1498.0
2000-01-01,YE,076,1383.0
1999-12-01,YE,076,1295.0
1999-11-01,YE,076,1168.0
1999-10-01,YE,076,1111.0
1999-09-01,YE,076,938.0
1999-08-01,YE,076,915.0
1999-07-01,YE,076,892.0
1999-06-01,YE,076,797.0
1999-05-01,YE,076,797.0
1999-04-01,YE,076,818.0
1999-03-01,YE,076,760.0
1999-02-01,YE,076,775.0
1999-01-01,YE,076,810.0
1998-12-01,YE,076,810.0
1998-11-01,YE,076,766.0
1998-10-01,YE,076,787.0
1998-09-01,YE,076,769.0
1998-08-01,YE,076,715.0
1998-07-01,YE,076,715.0
1998-06-01,YE,076,790.0
1998-05-01,YE,076,786.0
1998-04-01,YE,076,777.0
1998-03-01,YE,076,878.0
1998-02-01,YE,076,993.0
1998-01-01,YE,076,1039.0
1997-12-01,YE,076,1036.0
1997-11-01,YE,076,1012.0
1997-10-01,YE,076,1027.0
1997-09-01,YE,076,1021.0
1997-08-01,YE,076,1020.0
1997-07-01,YE,076,1017.0
1997-06-01,YE,076,1072.0
1997-05-01,YE,076,1085.0
1997-04-01,YE,076,1095.0
1997-03-01,YE,076,1052.0
1997-02-01,YE,076,1055.0
1997-01-01,YE,076,996.0
1996-12-01,YE,076,969.0
1996-11-01,YE,076,899.0
1996-10-01,YE,076,936.0
1996-09-01,YE,076,858.0
1996-08-01,YE,076,805.0
1996-07-01,YE,076,760.0
1996-06-01,YE,076,751.0
1996-05-01,YE,076,773.0
1996-04-01,YE,076,666.0
1996-03-01,YE,076,666.0
1996-02-01,YE,076,573.0
1996-01-01,YE,076,593.0
1995-12-01,YE,076,564.0
1995-11-01,YE,076,539.0
1995-10-01,YE,076,552.0
1995-09-01,YE,076,514.0
1995-08-01,YE,076,435.0
1995-07-01,YE,076,407.0
1995-06-01,YE,076,432.0
1995-05-01,YE,076,441.0
1995-04-01,YE,076,393.0
1995-03-01,YE,076,368.0
1995-02-01,YE,076,302.0
1995-01-01,YE,076,321.0
1994-12-01,YE,076,206.0
1994-11-01,YE,076,207.0
1994-09-01,YE,076,201.0
1994-08-01,YE,076,225.0
1994-07-01,YE,076,206.0
1994-06-01,YE,076,168.0
1994-05-01,YE,076,189.0
1994-04-01,YE,076,160.0
1994-03-01,YE,076,167.0
1994-02-01,YE,076,159.0
1994-01-01,YE,076,155.0
1993-12-01,YE,076,145.0
1993-11-01,YE,076,139.0
1993-10-01,YE,076,157.0
1993-09-01,YE,076,171.0
1993-08-01,YE,076,169.0
1993-07-01,YE,076,181.0
1993-06-01,YE,076,193.0
1993-05-01,YE,076,249.0
1993-04-01,YE,076,245.0
1993-03-01,YE,076,274.0
1993-02-01,YE,076,256.0
1993-01-01,YE,076,280.0
1992-12-01,YE,076,316.0
1992-11-01,YE,076,342.0
1992-10-01,YE,076,352.0
1992-09-01,YE,076,395.0
1992-08-01,YE,076,410.0
1992-07-01,YE,076,446.0
1992-06-01,YE,076,513.0
1992-05-01,YE,076,526.0
1992-04-01,YE,076,548.0
1992-03-01,YE,076,585.0
1992-02-01,YE,076,612.0
1992-01-01,YE,076,648.0
1991-12-01,YE,076,662.0
1991-11-01,YE,076,700.0
1991-10-01,YE,076,546.0
1991-09-01,YE,076,564.0
1991-08-01,YE,076,451.0
1991-07-01,YE,076,476.0
1991-06-01,YE,076,418.0
1991-05-01,YE,076,500.0
1991-04-01,YE,076,505.0
1991-03-01,YE,076,498.0
1991-02-01,YE,076,530.0
1991-01-01,YE,076,413.0
1990-12-01,YE,076,409.0
1990-11-01,YE,076,360.0
1990-10-01,YE,076,258.0
1990-09-01,YE,076,313.0
1990-08-01,YE,076,290.0
1990-07-01,YE,076,295.0
1990-06-01,YE,076,284.0
1990-05-01,YE,076,213.0
2007-01-01,YE,077,71.0
2006-01-01,YE,077,62.0
2005-01-01,YE,077,29.0
2018-01-01,YE,081,26914.0
2017-01-01,YE,081,26819.0
2016-01-01,YE,081,30968.0
2015-01-01,YE,081,42628.0
2014-01-01,YE,081,43229.0
2013-01-01,YE,081,40415.0
2012-01-01,YE,081,35401.0
2011-01-01,YE,081,32726.0
2010-01-01,YE,081,30907.0
2009-01-01,YE,081,25130.0
2008-01-01,YE,081,26911.0
2007-01-01,YE,081,21651.0
2006-01-01,YE,081,19062.0
2005-01-01,YE,081,16746.0
2004-01-01,YE,081,13873.0
2003-01-01,YE,081,11778.0
2002-01-01,YE,081,10695.0
2001-01-01,YE,081,9862.0
2000-01-01,YE,081,9652.0
1999-01-01,YE,081,7641.0
1998-01-01,YE,081,6325.0
1997-01-01,YE,081,6839.0
1996-01-01,YE,081,5786.0
1995-01-01,YE,081,4259.0
1994-01-01,YE,081,4167.0
1993-01-01,YE,081,5368.0
1992-01-01,YE,081,6464.0
1991-01-01,YE,081,5930.0
1990-01-01,YE,081,5647.0
2018-01-01,YE,082,-2.7
2017-01-01,YE,082,-5.9
2016-01-01,YE,082,-13.6
2015-01-01,YE,082,-16.7
2014-01-01,YE,082,-0.2
2013-01-01,YE,082,4.8
2012-01-01,YE,082,2.4
2011-01-01,YE,082,-12.7
2010-01-01,YE,082,7.7
2009-01-01,YE,082,3.9
2008-01-01,YE,082,3.6
2007-01-01,YE,082,3.3
2006-01-01,YE,082,3.2
2005-01-01,YE,082,5.6
2004-01-01,YE,082,4.0
2003-01-01,YE,082,3.7
2002-01-01,YE,082,3.9
2001-01-01,YE,082,3.8
2000-01-01,YE,082,6.2
1999-01-01,YE,082,3.8
1998-01-01,YE,082,6.0
1997-01-01,YE,082,5.2
1996-01-01,YE,082,4.6
1995-01-01,YE,082,5.7
1994-01-01,YE,082,6.7
1993-01-01,YE,082,4.0
1992-01-01,YE,082,8.2
1991-01-01,YE,082,6.3
2018-01-01,YE,083,-2.7
2017-01-01,YE,083,-5.9
2016-01-01,YE,083,-13.6
2015-01-01,YE,083,-16.7
2014-01-01,YE,083,-0.2
2013-01-01,YE,083,4.8
2012-01-01,YE,083,2.4
2011-01-01,YE,083,-12.7
2010-01-01,YE,083,7.7
2009-01-01,YE,083,3.9
2008-01-01,YE,083,3.6
2007-01-01,YE,083,3.3
2006-01-01,YE,083,3.2
2005-01-01,YE,083,5.6
2004-01-01,YE,083,4.0
2003-01-01,YE,083,3.7
2002-01-01,YE,083,3.9
2001-01-01,YE,083,3.8
2000-01-01,YE,083,6.2
1999-01-01,YE,083,3.8
1998-01-01,YE,083,6.0
1997-01-01,YE,083,5.2
1996-01-01,YE,083,4.6
1995-01-01,YE,083,5.7
1994-01-01,YE,083,6.7
1993-01-01,YE,083,4.0
1992-01-01,YE,083,8.2
1991-01-01,YE,083,6.3
2018-01-01,YE,084,240182.0
2017-01-01,YE,084,246851.0
2016-01-01,YE,084,262446.0
2015-01-01,YE,084,303833.0
2014-01-01,YE,084,364651.0
2013-01-01,YE,084,365340.0
2012-01-01,YE,084,348529.0
2011-01-01,YE,084,340384.0
2010-01-01,YE,084,389968.0
2009-01-01,YE,084,362079.0
2008-01-01,YE,084,348602.0
2007-01-01,YE,084,336334.0
2006-01-01,YE,084,325468.0
2005-01-01,YE,084,315466.0
2004-01-01,YE,084,298760.0
2003-01-01,YE,084,287345.0
2002-01-01,YE,084,276966.0
2001-01-01,YE,084,266480.0
2000-01-01,YE,084,256715.0
1999-01-01,YE,084,241769.0
1998-01-01,YE,084,232973.0
1997-01-01,YE,084,219772.0
1996-01-01,YE,084,208847.0
1995-01-01,YE,084,199596.0
1994-01-01,YE,084,188887.0
1993-01-01,YE,084,176990.0
1992-01-01,YE,084,170179.0
1991-01-01,YE,084,157271.0
1990-01-01,YE,084,147959.0
2018-01-01,YE,085,5983.9072
2017-01-01,YE,085,4065.9749
2016-01-01,YE,085,3391.5086
2015-01-01,YE,085,3238.5887
2014-01-01,YE,085,2547.4739
2013-01-01,YE,085,2377.1882
2012-01-01,YE,085,2176.7337
2011-01-01,YE,085,2055.5943
2010-01-01,YE,085,1740.3526
2009-01-01,YE,085,1407.8667
2008-01-01,YE,085,1542.1117
2007-01-01,YE,085,1281.0604
2006-01-01,YE,085,1155.201
2005-01-01,YE,085,1016.615
2004-01-01,YE,085,857.998
2003-01-01,YE,085,751.9335
2002-01-01,YE,085,678.1494
2001-01-01,YE,085,624.2014
2000-01-01,YE,085,608.0567
1999-01-01,YE,085,492.1462
1998-01-01,YE,085,368.7522
1997-01-01,YE,085,402.294
1996-01-01,YE,085,355.1245
1995-01-01,YE,085,259.6507
1994-01-01,YE,085,178.1562
1993-01-01,YE,085,147.4994
1992-01-01,YE,085,126.7439
1991-01-01,YE,085,111.9925
1990-01-01,YE,085,99.9967
2018-01-01,YE,086,579048.0
2017-01-01,YE,086,602775.0
2016-01-01,YE,086,630495.0
2015-01-01,YE,086,696089.0
2014-01-01,YE,086,726376.0
2013-01-01,YE,086,683270.0
2012-01-01,YE,086,640164.0
2011-01-01,YE,086,597058.0
2010-01-01,YE,086,553952.0
2009-01-01,YE,086,510846.0
2008-01-01,YE,086,467740.0
2007-01-01,YE,086,424634.0
2006-01-01,YE,086,381528.0
2005-01-01,YE,086,338422.0
2004-01-01,YE,086,300706.0
2003-01-01,YE,086,278222.0
2002-01-01,YE,086,250565.0
2001-01-01,YE,086,234613.0
2000-01-01,YE,086,214554.0
1999-01-01,YE,086,195551.0
1998-01-01,YE,086,168068.0
1997-01-01,YE,086,143153.0
1996-01-01,YE,086,124067.0
1995-01-01,YE,086,106417.0
1994-01-01,YE,086,84000.0
1993-01-01,YE,086,58877.0
1992-01-01,YE,086,52149.0
1991-01-01,YE,086,40729.0
1990-01-01,YE,086,36073.0
2014-01-01,YE,088,794967.0
2013-01-01,YE,088,732060.0
2012-01-01,YE,088,669153.0
2011-01-01,YE,088,606246.0
2010-01-01,YE,088,543339.0
2009-01-01,YE,088,480432.0
2008-01-01,YE,088,417525.0
2007-01-01,YE,088,354618.0
2006-01-01,YE,088,291711.0
2005-01-01,YE,088,228804.0
2004-01-01,YE,088,188863.0
2003-01-01,YE,088,139783.0
2002-01-01,YE,088,120070.0
2001-01-01,YE,088,100598.0
2000-01-01,YE,088,89312.0
1999-01-01,YE,088,74480.0
1998-01-01,YE,088,71862.0
1997-01-01,YE,088,67860.0
1996-01-01,YE,088,65400.0
1995-01-01,YE,088,63945.0
1994-01-01,YE,088,50970.0
1993-01-01,YE,088,42435.0
1992-01-01,YE,088,36234.0
1991-01-01,YE,088,31677.0
1990-01-01,YE,088,28177.0
2018-01-01,YE,091,1942305.0
2017-01-01,YE,091,1918329.0
2016-01-01,YE,091,2042217.0
2015-01-01,YE,091,2288728.0
2014-01-01,YE,091,2533400.0
2013-01-01,YE,091,2365228.0
2012-01-01,YE,091,2197056.0
2011-01-01,YE,091,2028883.0
2010-01-01,YE,091,1860711.0
2009-01-01,YE,091,1692539.0
2008-01-01,YE,091,1524367.0
2007-01-01,YE,091,1356194.0
2006-01-01,YE,091,1188022.0
2005-01-01,YE,091,1018428.0
2004-01-01,YE,091,866683.0
2003-01-01,YE,091,735603.0
2002-01-01,YE,091,639486.0
2001-01-01,YE,091,567793.0
2000-01-01,YE,091,485697.0
1999-01-01,YE,091,397420.0
1998-01-01,YE,091,318586.0
1997-01-01,YE,091,274570.0
1996-01-01,YE,091,233347.0
1995-01-01,YE,091,187651.0
1994-01-01,YE,091,123822.0
1993-01-01,YE,091,95120.0
1992-01-01,YE,091,70552.0
1991-01-01,YE,091,54725.0
1990-01-01,YE,091,39541.0
2018-01-01,YE,094,43.194522213
2017-01-01,YE,094,12.7628556778
2016-01-01,YE,094,-9.54283362925
2015-01-01,YE,094,5.92617966022
2014-01-01,YE,094,6.96111495562
2013-01-01,YE,094,14.4766725323
2012-01-01,YE,094,8.42717954845
2011-01-01,YE,094,3.09563560982
2010-01-01,YE,094,33.1376004322
2009-01-01,YE,094,-5.17561490562
2008-01-01,YE,094,24.7686042636
2007-01-01,YE,094,14.5972042729
2006-01-01,YE,094,17.2346861427
2005-01-01,YE,094,25.112362334
2004-01-01,YE,094,18.6386558822
2003-01-01,YE,094,15.0353202246
2002-01-01,YE,094,12.9180596729
2001-01-01,YE,094,6.55975471709
2000-01-01,YE,094,31.1899665254
1999-01-01,YE,094,38.5015359222
1998-01-01,YE,094,-2.83182337439
1997-01-01,YE,094,19.208485749
1996-01-01,YE,094,43.1093367705
1995-01-01,YE,094,54.0060740415
1994-01-01,YE,094,28.9034279607
1993-01-01,YE,094,21.0332325724
1992-01-01,YE,094,22.4604274067
1991-01-01,YE,094,19.0443040114
2018-01-01,YE,095,43.194522213
2017-01-01,YE,095,12.7628556778
2016-01-01,YE,095,-9.54283362925
2015-01-01,YE,095,5.92617966022
2014-01-01,YE,095,6.96111495562
2013-01-01,YE,095,14.4766725323
2012-01-01,YE,095,8.42717954845
2011-01-01,YE,095,3.09563560982
2010-01-01,YE,095,33.1376004322
2009-01-01,YE,095,-5.17561490562
2008-01-01,YE,095,24.7686042636
2007-01-01,YE,095,14.5972042729
2006-01-01,YE,095,17.2346861427
2005-01-01,YE,095,25.112362334
2004-01-01,YE,095,18.6386558822
2003-01-01,YE,095,15.0353202246
2002-01-01,YE,095,12.9180596729
2001-01-01,YE,095,6.55975471709
2000-01-01,YE,095,31.1899665254
1999-01-01,YE,095,38.5015359222
1998-01-01,YE,095,-2.83182337439
1997-01-01,YE,095,19.208485749
1996-01-01,YE,095,43.1093367705
1995-01-01,YE,095,54.0060740415
1994-01-01,YE,095,28.9034279607
1993-01-01,YE,095,21.0332325724
1992-01-01,YE,095,22.4604274067
1991-01-01,YE,095,19.0443040114
2018-01-01,YE,096,504314.0
2017-01-01,YE,096,360588.0
2016-01-01,YE,096,327622.0
2015-01-01,YE,096,371346.0
2014-01-01,YE,096,359726.0
2013-01-01,YE,096,345361.0
2012-01-01,YE,096,309994.0
2011-01-01,YE,096,293894.0
2010-01-01,YE,096,293105.0
2009-01-01,YE,096,226394.0
2008-01-01,YE,096,245559.0
2007-01-01,YE,096,202450.0
2006-01-01,YE,096,181742.0
2005-01-01,YE,096,159497.0
2004-01-01,YE,096,131185.0
2003-01-01,YE,096,113808.0
2002-01-01,YE,096,101837.0
2001-01-01,YE,096,92830.0
2000-01-01,YE,096,89664.0
1999-01-01,YE,096,70318.0
1998-01-01,YE,096,52224.0
1997-01-01,YE,096,55342.0
1996-01-01,YE,096,47945.0
1995-01-01,YE,096,34751.0
1994-01-01,YE,096,23536.0
1993-01-01,YE,096,19148.0
1992-01-01,YE,096,16650.0
1991-01-01,YE,096,14317.0
1990-01-01,YE,096,12635.0
2018-01-01,YE,097,2575.0
2017-01-01,YE,097,2645.0
2016-01-01,YE,097,2828.0
2015-01-01,YE,097,3320.0
2014-01-01,YE,097,4046.0
2013-01-01,YE,097,4085.0
2012-01-01,YE,097,3935.0
2011-01-01,YE,097,3876.0
2010-01-01,YE,097,4473.0
2009-01-01,YE,097,4221.0
2008-01-01,YE,097,4149.0
2007-01-01,YE,097,4039.0
2006-01-01,YE,097,3915.0
2005-01-01,YE,097,3790.0
2004-01-01,YE,097,3582.0
2003-01-01,YE,097,3453.0
2002-01-01,YE,097,3363.0
2001-01-01,YE,097,3279.0
2000-01-01,YE,097,3181.0
1999-01-01,YE,097,3015.0
1998-01-01,YE,097,2946.0
1997-01-01,YE,097,2830.0
1996-01-01,YE,097,2730.0
1995-01-01,YE,097,2658.0
1994-01-01,YE,097,2570.0
1993-01-01,YE,097,2472.0
1992-01-01,YE,097,2444.0
1991-01-01,YE,097,2325.0
1990-01-01,YE,097,2223.0
2014-07-01,YE,098,64.0
2014-06-01,YE,098,66.0
2014-05-01,YE,098,63.0
2014-04-01,YE,098,64.0
2014-03-01,YE,098,65.0
2014-02-01,YE,098,66.0
2014-01-01,YE,098,63.0
2013-12-01,YE,098,60.0
2013-11-01,YE,098,63.0
2013-10-01,YE,098,66.0
2013-09-01,YE,098,66.0
2013-08-01,YE,098,70.0
2013-07-01,YE,098,66.0
2013-06-01,YE,098,60.0
2013-05-01,YE,098,70.0
2013-04-01,YE,098,73.0
2013-03-01,YE,098,80.0
2013-02-01,YE,098,79.0
2013-01-01,YE,098,83.0
2012-12-01,YE,098,83.0
2012-11-01,YE,098,86.0
2012-10-01,YE,098,86.0
2012-09-01,YE,098,89.0
2012-08-01,YE,098,82.0
2012-07-01,YE,098,81.0
2012-06-01,YE,098,80.0
2012-05-01,YE,098,78.0
2012-04-01,YE,098,83.0
2012-03-01,YE,098,83.0
2012-02-01,YE,098,89.0
2012-01-01,YE,098,87.0
2011-12-01,YE,098,77.0
2011-11-01,YE,098,87.0
2011-10-01,YE,098,86.0
2011-09-01,YE,098,81.0
2011-08-01,YE,098,91.0
2011-07-01,YE,098,81.0
2011-06-01,YE,098,75.0
2011-05-01,YE,098,77.0
2011-04-01,YE,098,77.0
2011-03-01,YE,098,72.0
2011-02-01,YE,098,70.0
2011-01-01,YE,098,66.0
2010-12-01,YE,098,70.0
2010-11-01,YE,098,69.0
2010-10-01,YE,098,67.0
2010-09-01,YE,098,65.0
2010-08-01,YE,098,62.0
2010-07-01,YE,098,58.0
2010-06-01,YE,098,62.0
2010-05-01,YE,098,60.0
2010-04-01,YE,098,59.0
2010-03-01,YE,098,56.0
2010-02-01,YE,098,55.0
2010-01-01,YE,098,54.0
2009-12-01,YE,098,54.0
2009-11-01,YE,098,59.0
2009-10-01,YE,098,52.0
2009-09-01,YE,098,50.0
2009-08-01,YE,098,48.0
2009-07-01,YE,098,47.0
2009-06-01,YE,098,47.0
2009-05-01,YE,098,49.0
2009-04-01,YE,098,44.0
2009-03-01,YE,098,46.0
2009-02-01,YE,098,48.0
2009-01-01,YE,098,46.0
2008-12-01,YE,098,43.0
2008-11-01,YE,098,41.0
2008-10-01,YE,098,37.0
2008-09-01,YE,098,44.0
2008-08-01,YE,098,42.0
2008-07-01,YE,098,46.0
2008-06-01,YE,098,47.0
2008-05-01,YE,098,44.0
2008-04-01,YE,098,44.0
2008-03-01,YE,098,47.0
2008-02-01,YE,098,49.0
2008-01-01,YE,098,46.0
2007-12-01,YE,098,42.0
2007-11-01,YE,098,39.0
2007-10-01,YE,098,39.0
2007-09-01,YE,098,37.0
2007-08-01,YE,098,34.0
2007-07-01,YE,098,33.0
2007-06-01,YE,098,33.0
2007-05-01,YE,098,33.0
2007-04-01,YE,098,34.0
2007-03-01,YE,098,33.0
2007-02-01,YE,098,33.0
2007-01-01,YE,098,33.0
2006-12-01,YE,098,32.0
2006-11-01,YE,098,32.0
2006-10-01,YE,098,30.0
2006-09-01,YE,098,30.0
2006-08-01,YE,098,31.0
2006-07-01,YE,098,32.0
2006-06-01,YE,098,31.0
2006-05-01,YE,098,33.0
2006-04-01,YE,098,32.0
2006-03-01,YE,098,29.0
2006-02-01,YE,098,28.0
2006-01-01,YE,098,28.0
2005-12-01,YE,098,26.0
2005-11-01,YE,098,25.0
2005-10-01,YE,098,24.0
2005-09-01,YE,098,24.0
2005-08-01,YE,098,22.0
2005-07-01,YE,098,21.0
2005-06-01,YE,098,22.0
2005-05-01,YE,098,21.0
2005-04-01,YE,098,22.0
2005-03-01,YE,098,21.0
2005-02-01,YE,098,22.0
2005-01-01,YE,098,21.0
2004-12-01,YE,098,22.0
2004-11-01,YE,098,23.0
2004-10-01,YE,098,21.0
2004-09-01,YE,098,21.0
2004-08-01,YE,098,20.0
2004-07-01,YE,098,20.0
2004-06-01,YE,098,20.0
2004-05-01,YE,098,20.0
2004-04-01,YE,098,19.0
2004-03-01,YE,098,21.0
2004-02-01,YE,098,20.0
2004-01-01,YE,098,20.0
2003-12-01,YE,098,21.0
2003-11-01,YE,098,20.0
2003-10-01,YE,098,19.0
2003-09-01,YE,098,19.0
2003-08-01,YE,098,19.0
2003-07-01,YE,098,18.0
2003-06-01,YE,098,17.0
2003-05-01,YE,098,18.0
2003-04-01,YE,098,17.0
2003-03-01,YE,098,17.0
2003-02-01,YE,098,17.0
2003-01-01,YE,098,18.0
2002-12-01,YE,098,17.0
2002-11-01,YE,098,16.0
2002-10-01,YE,098,16.0
2002-09-01,YE,098,16.0
2002-08-01,YE,098,16.0
2002-07-01,YE,098,15.0
2002-06-01,YE,098,16.0
2002-05-01,YE,098,16.0
2002-04-01,YE,098,15.0
2002-03-01,YE,098,15.0
2002-02-01,YE,098,15.0
2002-01-01,YE,098,14.0
2001-12-01,YE,098,14.0
2001-11-01,YE,098,14.0
2001-10-01,YE,098,14.0
2001-09-01,YE,098,15.0
2001-08-01,YE,098,14.0
2001-07-01,YE,098,13.0
2001-06-01,YE,098,14.0
2001-05-01,YE,098,13.0
2001-04-01,YE,098,13.0
2001-03-01,YE,098,13.0
2001-02-01,YE,098,13.0
2001-01-01,YE,098,13.0
2000-12-01,YE,098,14.0
2000-11-01,YE,098,13.0
2000-10-01,YE,098,13.0
2000-09-01,YE,098,14.0
2000-08-01,YE,098,14.0
2000-07-01,YE,098,14.0
2000-06-01,YE,098,14.0
2000-05-01,YE,098,14.0
2000-04-01,YE,098,14.0
2000-03-01,YE,098,14.0
2000-02-01,YE,098,15.0
2000-01-01,YE,098,14.0
1999-12-01,YE,098,15.0
1999-11-01,YE,098,15.0
1999-10-01,YE,098,15.0
1999-09-01,YE,098,15.0
1999-08-01,YE,098,13.0
1999-07-01,YE,098,13.0
1999-06-01,YE,098,13.0
1999-05-01,YE,098,13.0
1999-04-01,YE,098,14.0
1999-03-01,YE,098,14.0
1999-02-01,YE,098,14.0
1999-01-01,YE,098,14.0
1998-12-01,YE,098,14.0
1998-11-01,YE,098,15.0
1998-10-01,YE,098,15.0
1998-09-01,YE,098,15.0
1998-08-01,YE,098,14.0
1998-07-01,YE,098,14.0
1998-06-01,YE,098,15.0
1998-05-01,YE,098,15.0
1998-04-01,YE,098,16.0
1998-03-01,YE,098,15.0
1998-02-01,YE,098,15.0
1998-01-01,YE,098,15.0
1997-12-01,YE,098,15.0
1997-11-01,YE,098,15.0
1997-10-01,YE,098,16.0
1997-09-01,YE,098,17.0
1997-08-01,YE,098,16.0
1997-07-01,YE,098,16.0
1997-06-01,YE,098,17.0
1997-05-01,YE,098,17.0
1997-04-01,YE,098,17.0
1997-03-01,YE,098,17.0
1997-02-01,YE,098,18.0
1997-01-01,YE,098,17.0
1996-12-01,YE,098,18.0
1996-11-01,YE,098,19.0
1996-10-01,YE,098,19.0
1996-09-01,YE,098,19.0
1996-08-01,YE,098,19.0
1996-07-01,YE,098,19.0
1996-06-01,YE,098,19.0
1996-05-01,YE,098,20.0
1996-04-01,YE,098,20.0
1996-03-01,YE,098,20.0
1996-02-01,YE,098,20.0
1996-01-01,YE,098,20.0
1995-12-01,YE,098,19.0
1995-11-01,YE,098,19.0
1995-10-01,YE,098,19.0
1995-09-01,YE,098,19.0
1995-08-01,YE,098,19.0
1995-07-01,YE,098,19.0
1995-06-01,YE,098,19.0
1995-05-01,YE,098,19.0
1995-04-01,YE,098,19.0
1995-03-01,YE,098,19.0
1995-02-01,YE,098,19.0
1995-01-01,YE,098,19.0
1994-12-01,YE,098,19.0
1994-11-01,YE,098,19.0
1994-10-01,YE,098,19.0
1994-09-01,YE,098,20.0
1994-08-01,YE,098,19.0
1994-07-01,YE,098,19.0
1994-06-01,YE,098,19.0
1994-05-01,YE,098,19.0
1994-04-01,YE,098,19.0
1994-03-01,YE,098,20.0
1994-02-01,YE,098,19.0
1994-01-01,YE,098,19.0
1993-12-01,YE,098,20.0
1993-11-01,YE,098,19.0
1993-10-01,YE,098,18.0
1993-09-01,YE,098,18.0
1993-08-01,YE,098,19.0
1993-07-01,YE,098,20.0
1993-06-01,YE,098,19.0
1993-05-01,YE,098,19.0
1993-04-01,YE,098,18.0
1993-03-01,YE,098,17.0
1993-02-01,YE,098,16.0
1993-01-01,YE,098,17.0
1992-12-01,YE,098,17.0
1992-11-01,YE,098,17.0
1992-10-01,YE,098,17.0
1992-09-01,YE,098,17.0
1992-08-01,YE,098,17.0
1992-07-01,YE,098,18.0
1992-06-01,YE,098,17.0
1992-05-01,YE,098,17.0
1992-04-01,YE,098,17.0
1992-03-01,YE,098,17.0
1992-02-01,YE,098,18.0
1992-01-01,YE,098,18.0
1991-12-01,YE,098,18.0
1991-11-01,YE,098,18.0
1991-10-01,YE,098,18.0
1991-09-01,YE,098,18.0
1991-08-01,YE,098,17.0
1991-07-01,YE,098,18.0
1991-06-01,YE,098,18.0
1991-05-01,YE,098,18.0
1991-04-01,YE,098,18.0
1991-03-01,YE,098,18.0
1991-02-01,YE,098,18.0
1991-01-01,YE,098,18.0
1990-12-01,YE,098,19.0
1990-11-01,YE,098,19.0
1990-10-01,YE,098,19.0
1990-09-01,YE,098,20.0
1990-08-01,YE,098,19.0
1990-07-01,YE,098,19.0
1990-06-01,YE,098,18.0
1990-05-01,YE,098,18.0
1990-04-01,YE,098,18.0
1990-03-01,YE,098,18.0
1990-02-01,YE,098,20.0
1990-01-01,YE,098,21.0
1989-12-01,YE,098,20.0
2013-01-01,YE,100,2093.7
2012-01-01,YE,100,2404.8
2011-01-01,YE,100,1709.3
2010-01-01,YE,100,1778.1
2009-01-01,YE,100,1306.1
2008-01-01,YE,100,2057.2
2007-01-01,YE,100,1429.0
2006-01-01,YE,100,1449.7
2005-01-01,YE,100,1110.8
2004-01-01,YE,100,812.1
2003-01-01,YE,100,664.9
2002-01-01,YE,100,560.1
2001-01-01,YE,100,568.4
2000-01-01,YE,100,603.8
1999-01-01,YE,100,338.3
2013-01-01,YE,106,2712.6
2012-01-01,YE,106,2775.5
2011-01-01,YE,106,2056.6
2010-01-01,YE,106,2050.1
2009-01-01,YE,106,1823.9
2008-01-01,YE,106,2315.6
2007-01-01,YE,106,1733.5
2006-01-01,YE,106,1404.0
2005-01-01,YE,106,1169.2
2004-01-01,YE,106,867.5
2003-01-01,YE,106,755.6
2002-01-01,YE,106,485.0
2001-01-01,YE,106,406.0
2000-01-01,YE,106,397.9
1999-01-01,YE,106,340.9
2017-01-01,YE,108,208513.0
2016-01-01,YE,108,124686.0
2015-01-01,YE,108,161137.0
2014-01-01,YE,108,727583.0
2013-01-01,YE,108,703973.0
2012-01-01,YE,108,660355.0
2011-01-01,YE,108,384866.0
2010-01-01,YE,108,791415.0
2009-01-01,YE,108,690460.0
2008-01-01,YE,108,828732.0
2007-01-01,YE,108,740840.0
2006-01-01,YE,108,616036.0
2005-01-01,YE,108,594523.0
2004-01-01,YE,108,519868.0
2003-01-01,YE,108,447822.0
2002-01-01,YE,108,347128.0
2001-01-01,YE,108,325114.0
2000-01-01,YE,108,294963.0
1999-01-01,YE,108,222578.0
1998-01-01,YE,108,203181.0
1997-01-01,YE,108,214300.0
1996-01-01,YE,108,167931.0
1995-01-01,YE,108,110681.0
1994-01-01,YE,108,61378.0
1993-01-01,YE,108,43369.0
1992-01-01,YE,108,39395.0
1991-01-01,YE,108,20603.0
1990-01-01,YE,108,15542.0
2014-01-01,YE,109,8726159.0
2013-01-01,YE,109,8294672.0
2012-01-01,YE,109,7250173.0
2011-01-01,YE,109,6497167.0
2010-01-01,YE,109,6387382.0
2009-01-01,YE,109,4859833.0
2008-01-01,YE,109,4993212.0
2007-01-01,YE,109,4039938.0
2006-01-01,YE,109,3516351.0
2005-01-01,YE,109,2897868.0
2004-01-01,YE,109,2314461.0
2003-01-01,YE,109,1972322.0
2002-01-01,YE,109,1734523.0
2001-01-01,YE,109,1546819.0
2000-01-01,YE,109,1435858.0
1999-01-01,YE,109,1081515.0
1998-01-01,YE,109,810533.0
1997-01-01,YE,109,804804.0
1996-01-01,YE,109,676600.0
1995-01-01,YE,109,495717.0
1994-01-01,YE,109,330126.0
1993-01-01,YE,109,256158.0
1992-01-01,YE,109,210681.0
1991-01-01,YE,109,170300.0
1990-01-01,YE,109,147015.0
2017-01-01,YE,111,10992712.0
2016-01-01,YE,111,9443446.0
2015-01-01,YE,111,9722603.0
2014-01-01,YE,111,8067900.0
2013-01-01,YE,111,7520633.0
2012-01-01,YE,111,6711639.0
2011-01-01,YE,111,5882932.0
2010-01-01,YE,111,5489349.0
2009-01-01,YE,111,4238037.0
2008-01-01,YE,111,4119743.0
2007-01-01,YE,111,3211650.0
2006-01-01,YE,111,2609922.0
2005-01-01,YE,111,2058537.0
2004-01-01,YE,111,1698053.0
2003-01-01,YE,111,1448769.0
2002-01-01,YE,111,1265702.0
2001-01-01,YE,111,1086959.0
2000-01-01,YE,111,939756.0
1999-01-01,YE,111,818963.0
1998-01-01,YE,111,692877.0
1997-01-01,YE,111,606707.0
1996-01-01,YE,111,532819.0
1995-01-01,YE,111,432167.0
1994-01-01,YE,111,269404.0
1993-01-01,YE,111,233689.0
1992-01-01,YE,111,177043.0
1991-01-01,YE,111,156240.0
1990-01-01,YE,111,113879.0
2018-01-01,YE,114,188.7
2017-01-01,YE,114,178.0
2016-01-01,YE,114,172.8
2015-01-01,YE,114,176.0
2014-01-01,YE,114,206.4
2013-01-01,YE,114,211.8
2012-01-01,YE,114,214.7
2011-01-01,YE,114,217.8
2010-01-01,YE,114,179.5
2009-01-01,YE,114,164.5
2008-01-01,YE,114,189.7
2007-01-01,YE,114,160.3
2006-01-01,YE,114,143.3
2005-01-01,YE,114,130.5
2004-01-01,YE,114,115.7
2003-01-01,YE,114,104.6
2002-01-01,YE,114,97.4
2001-01-01,YE,114,98.1
2000-01-01,YE,114,100.0
1999-01-01,YE,114,90.0
1998-01-01,YE,114,88.0
1997-01-01,YE,114,176.0
1996-01-01,YE,114,161.0
1995-01-01,YE,114,161.0
1994-01-01,YE,114,149.0
1993-01-01,YE,114,146.0
1992-01-01,YE,114,138.0
1991-01-01,YE,114,135.0
1990-01-01,YE,114,135.0
2018-01-01,YE,115,8400.0
2017-01-01,YE,115,7500.0
2016-01-01,YE,115,7500.0
2015-01-01,YE,115,6573.0
2014-01-01,YE,115,12042.0
2013-01-01,YE,115,13273.0
2012-01-01,YE,115,13273.0
2011-01-01,YE,115,11260.0
2010-01-01,YE,115,9255.0
2009-01-01,YE,115,9185.0
2008-01-01,YE,115,10546.0
2007-01-01,YE,115,8511.0
2006-01-01,YE,115,6074.0
2005-01-01,YE,115,5378.0
2004-01-01,YE,115,3986.0
2003-01-01,YE,115,3675.0
2002-01-01,YE,115,2921.0
2001-01-01,YE,115,2466.0
2000-01-01,YE,115,2324.0
1999-01-01,YE,115,2008.0
1998-01-01,YE,115,2167.0
1997-01-01,YE,115,2014.0
1996-01-01,YE,115,2038.0
1995-01-01,YE,115,1582.0
1994-01-01,YE,115,2087.0
1993-01-01,YE,115,2821.0
1992-01-01,YE,115,2587.0
1991-01-01,YE,115,2025.0
1990-01-01,YE,115,1571.0
1989-01-01,YE,115,1356.0
1988-01-01,YE,115,1384.0
1987-01-01,YE,115,883.0
1986-01-01,YE,115,1159.0
1985-01-01,YE,115,1313.0
1984-01-01,YE,115,1556.0
1983-01-01,YE,115,1618.0
1982-01-01,YE,115,1521.0
1981-01-01,YE,115,1758.0
1980-01-01,YE,115,1853.0
1979-01-01,YE,115,1492.0
1978-01-01,YE,115,1284.0
1977-01-01,YE,115,1040.0
1976-01-01,YE,115,413.0
1975-01-01,YE,115,294.0
1974-01-01,YE,115,190.0
1973-01-01,YE,115,123.0
1972-01-01,YE,115,80.0
1971-01-01,YE,115,34.0
1970-01-01,YE,115,33.0
1969-01-01,YE,115,36.0
1968-01-01,YE,115,20.0
1967-01-01,YE,115,35.0
1966-01-01,YE,115,27.0
1965-01-01,YE,115,19.0
1964-01-01,YE,115,21.0
1963-01-01,YE,115,21.0
1962-01-01,YE,115,16.0
1961-01-01,YE,115,16.0
1960-01-01,YE,115,16.0
2014-01-01,YE,119,8.10472586278
2013-01-01,YE,119,10.9684380232
2012-01-01,YE,119,9.88539240424
2011-01-01,YE,119,19.54356
2010-01-01,YE,119,11.1748389994
2009-01-01,YE,119,5.40775357751
2008-01-01,YE,119,18.9762582233
2007-01-01,YE,119,7.90512436566
2006-01-01,YE,119,10.8447905679
2005-01-01,YE,119,11.8112733591
2004-01-01,YE,119,12.51509468
2003-01-01,YE,119,10.8323458999
2002-01-01,YE,119,12.2385535629
2001-01-01,YE,119,11.9115913149
2000-01-01,YE,119,4.59000579169
1999-01-01,YE,119,8.66020567283
1998-01-01,YE,119,5.97651716961
1997-01-01,YE,119,2.17670321581
1996-01-01,YE,119,30.7337548468
1995-01-01,YE,119,55.0810782057
1994-01-01,YE,119,49.394178892
1993-01-01,YE,119,35.7522555474
1992-01-01,YE,119,29.4118884556
1991-01-01,YE,119,35.9997815168
2014-01-01,YE,120,8.10472586278
2013-01-01,YE,120,10.9684380232
2012-01-01,YE,120,9.88539240424
2011-01-01,YE,120,19.54356
2010-01-01,YE,120,11.1748389994
2009-01-01,YE,120,5.40775357751
2008-01-01,YE,120,18.9762582233
2007-01-01,YE,120,7.90512436566
2006-01-01,YE,120,10.8447905679
2005-01-01,YE,120,11.8112733591
2004-01-01,YE,120,12.51509468
2003-01-01,YE,120,10.8323458999
2002-01-01,YE,120,12.2385535629
2001-01-01,YE,120,11.9115913149
2000-01-01,YE,120,4.59000579169
1999-01-01,YE,120,8.66020567283
1998-01-01,YE,120,5.97651716961
1997-01-01,YE,120,2.17670321581
1996-01-01,YE,120,30.7337548468
1995-01-01,YE,120,55.0810782057
1994-01-01,YE,120,49.394178892
1993-01-01,YE,120,35.7522555474
1992-01-01,YE,120,29.4118884556
1991-01-01,YE,120,35.9997815168
2014-01-01,YE,121,8.10472586278
2013-01-01,YE,121,10.9684380232
2012-01-01,YE,121,9.88539240424
2011-01-01,YE,121,19.54356
2010-01-01,YE,121,11.1748389994
2009-01-01,YE,121,5.40775357751
2008-01-01,YE,121,18.9762582233
2007-01-01,YE,121,7.90512436566
2006-01-01,YE,121,10.8447905679
2005-01-01,YE,121,11.8112733591
2004-01-01,YE,121,12.51509468
2003-01-01,YE,121,10.8323458999
2002-01-01,YE,121,12.2385535629
2001-01-01,YE,121,11.9115913149
2000-01-01,YE,121,4.59000579169
1999-01-01,YE,121,8.66020567283
1998-01-01,YE,121,5.97651716961
1997-01-01,YE,121,2.17670321581
1996-01-01,YE,121,30.7337548468
1995-01-01,YE,121,55.0810782057
1994-01-01,YE,121,49.394178892
1993-01-01,YE,121,35.7522555474
1992-01-01,YE,121,29.4118884556
1991-01-01,YE,121,35.9997815168
2013-01-01,YE,124,11.8
2012-01-01,YE,124,17.6
2011-01-01,YE,124,5.8
2010-01-01,YE,124,0.2
2009-01-01,YE,124,29.3
2008-01-01,YE,124,-2.0
2007-01-01,YE,124,6.4
2006-01-01,YE,124,3.8
2005-01-01,YE,124,-0.4
2004-01-01,YE,124,3.9
2003-01-01,YE,124,6.4
2002-01-01,YE,124,8.3
2001-01-01,YE,124,14.5
2000-01-01,YE,124,-3.2
1999-01-01,YE,124,-7.0
1998-01-01,YE,124,28.9
1997-01-01,YE,124,8.2
1996-01-01,YE,124,-3.9
2019-01-01,YE,125,0.378908
2018-01-01,YE,125,0.308573
2017-01-01,YE,125,0.34
2019-01-01,YE,126,150495.0
2018-01-01,YE,126,142799.0
2017-01-01,YE,126,125590.0
2016-01-01,YE,126,76300.0
2014-01-01,YE,131,36.3
2010-01-01,YE,131,38.8
2009-01-01,YE,131,42.3
2008-01-01,YE,131,42.8
2007-01-01,YE,131,43.4
2006-01-01,YE,131,44.0
2005-01-01,YE,131,44.5
2004-01-01,YE,131,39.2
1999-01-01,YE,131,45.9
1994-01-01,YE,131,45.8
1973-01-01,YE,131,25.8
2014-07-01,YE,135,22.0
2014-06-01,YE,135,22.0
2014-05-01,YE,135,22.0
2014-04-01,YE,135,22.0
2014-03-01,YE,135,22.0
2014-02-01,YE,135,22.0
2014-01-01,YE,135,22.0
2013-12-01,YE,135,22.0
2013-11-01,YE,135,22.0
2013-10-01,YE,135,22.0
2013-09-01,YE,135,22.0
2013-08-01,YE,135,22.0
2013-07-01,YE,135,22.0
2013-06-01,YE,135,22.0
2013-05-01,YE,135,22.0
2013-04-01,YE,135,22.0
2013-03-01,YE,135,22.0
2013-02-01,YE,135,22.0
2013-01-01,YE,135,23.0
2012-12-01,YE,135,23.0
2012-11-01,YE,135,23.0
2012-10-01,YE,135,23.0
2012-09-01,YE,135,25.0
2012-08-01,YE,135,25.0
2012-07-01,YE,135,25.0
2012-06-01,YE,135,25.0
2012-05-01,YE,135,25.0
2012-04-01,YE,135,25.0
2012-03-01,YE,135,25.0
2012-02-01,YE,135,25.0
2012-01-01,YE,135,25.0
2011-12-01,YE,135,25.0
2011-11-01,YE,135,25.0
2011-10-01,YE,135,25.0
2011-09-01,YE,135,25.0
2011-08-01,YE,135,25.0
2011-07-01,YE,135,25.0
2011-06-01,YE,135,25.0
2011-05-01,YE,135,25.0
2011-04-01,YE,135,25.0
2011-03-01,YE,135,25.0
2011-02-01,YE,135,25.0
2011-01-01,YE,135,25.0
2010-12-01,YE,135,25.0
2010-11-01,YE,135,25.0
2010-10-01,YE,135,25.0
2010-09-01,YE,135,25.0
2010-08-01,YE,135,25.0
2010-07-01,YE,135,25.0
2010-06-01,YE,135,25.0
2010-05-01,YE,135,25.0
2010-04-01,YE,135,25.0
2010-03-01,YE,135,25.0
2010-02-01,YE,135,18.0
2010-01-01,YE,135,18.0
2009-12-01,YE,135,18.0
2009-11-01,YE,135,18.0
2009-10-01,YE,135,18.0
2009-09-01,YE,135,18.0
2009-08-01,YE,135,18.0
2009-07-01,YE,135,18.0
2009-06-01,YE,135,18.0
2009-05-01,YE,135,18.0
2009-04-01,YE,135,18.0
2009-03-01,YE,135,18.0
2009-02-01,YE,135,18.0
2009-01-01,YE,135,18.0
2008-12-01,YE,135,18.0
2008-11-01,YE,135,18.0
2008-10-01,YE,135,18.0
2008-09-01,YE,135,18.0
2008-08-01,YE,135,18.0
2008-07-01,YE,135,18.0
2008-06-01,YE,135,18.0
2008-05-01,YE,135,18.0
2008-04-01,YE,135,18.0
2008-03-01,YE,135,18.0
2008-02-01,YE,135,18.0
2008-01-01,YE,135,18.0
2007-12-01,YE,135,18.0
2007-11-01,YE,135,18.0
2007-10-01,YE,135,18.0
2007-09-01,YE,135,18.0
2007-08-01,YE,135,18.0
2007-07-01,YE,135,18.0
2007-06-01,YE,135,18.0
2007-05-01,YE,135,18.0
2007-04-01,YE,135,18.0
2007-03-01,YE,135,18.0
2007-02-01,YE,135,18.0
2007-01-01,YE,135,18.0
2006-12-01,YE,135,18.0
2006-11-01,YE,135,18.0
2006-10-01,YE,135,18.0
2006-09-01,YE,135,18.0
2006-08-01,YE,135,18.0
2006-07-01,YE,135,18.0
2006-06-01,YE,135,18.0
2006-05-01,YE,135,18.0
2006-04-01,YE,135,18.0
2006-03-01,YE,135,18.0
2006-02-01,YE,135,18.0
2006-01-01,YE,135,18.0
2005-12-01,YE,135,18.0
2005-11-01,YE,135,18.0
2005-10-01,YE,135,18.0
2005-09-01,YE,135,18.0
2005-08-01,YE,135,18.0
2005-07-01,YE,135,18.0
2005-06-01,YE,135,18.0
2005-05-01,YE,135,18.0
2005-04-01,YE,135,18.0
2005-03-01,YE,135,18.0
2005-02-01,YE,135,18.0
2005-01-01,YE,135,18.0
2004-12-01,YE,135,18.0
2004-11-01,YE,135,18.0
2004-10-01,YE,135,18.0
2004-09-01,YE,135,18.0
2004-08-01,YE,135,18.0
2004-07-01,YE,135,18.0
2004-06-01,YE,135,18.0
2004-05-01,YE,135,20.0
2004-04-01,YE,135,19.5
2004-03-01,YE,135,19.0
2004-02-01,YE,135,19.0
2004-01-01,YE,135,18.5
2003-12-01,YE,135,18.0
2003-11-01,YE,135,18.0
2003-10-01,YE,135,18.0
2003-09-01,YE,135,18.0
2003-08-01,YE,135,18.0
2003-07-01,YE,135,18.0
2003-06-01,YE,135,18.0
2003-05-01,YE,135,18.0
2003-04-01,YE,135,18.0
2003-03-01,YE,135,18.0
2003-02-01,YE,135,18.0
2003-01-01,YE,135,18.0
2002-12-01,YE,135,18.0
2002-11-01,YE,135,18.0
2002-10-01,YE,135,18.0
2002-09-01,YE,135,18.0
2002-08-01,YE,135,18.0
2002-07-01,YE,135,17.5
2002-06-01,YE,135,17.5
2002-05-01,YE,135,17.5
2002-04-01,YE,135,17.5
2002-03-01,YE,135,17.5
2002-02-01,YE,135,17.5
2002-01-01,YE,135,17.5
2001-12-01,YE,135,17.5
2001-11-01,YE,135,17.5
2001-10-01,YE,135,17.5
2001-09-01,YE,135,17.5
2001-08-01,YE,135,17.5
2001-07-01,YE,135,17.5
2001-06-01,YE,135,17.5
2001-05-01,YE,135,17.5
2001-04-01,YE,135,17.5
2001-03-01,YE,135,17.5
2001-02-01,YE,135,17.5
2001-01-01,YE,135,17.5
2000-12-01,YE,135,17.5
2000-11-01,YE,135,17.5
2000-10-01,YE,135,17.5
2000-09-01,YE,135,17.5
2000-08-01,YE,135,18.5
2000-07-01,YE,135,20.0
2000-06-01,YE,135,20.0
2000-05-01,YE,135,20.0
2000-04-01,YE,135,20.0
2000-03-01,YE,135,20.0
2000-02-01,YE,135,22.0
2000-01-01,YE,135,24.0
1999-12-01,YE,135,25.0
1999-11-01,YE,135,25.5
1999-10-01,YE,135,25.5
1999-09-01,YE,135,25.5
1999-08-01,YE,135,25.5
1999-07-01,YE,135,24.5
1999-06-01,YE,135,24.5
1999-05-01,YE,135,24.0
1999-04-01,YE,135,24.0
1999-03-01,YE,135,24.0
1999-02-01,YE,135,20.5
1999-01-01,YE,135,20.5
1998-12-01,YE,135,20.5
1998-09-01,YE,135,17.0
1998-08-01,YE,135,17.0
1998-07-01,YE,135,17.0
1998-06-01,YE,135,17.0
1998-05-01,YE,135,18.0
1998-04-01,YE,135,17.5
1998-03-01,YE,135,17.5
1998-02-01,YE,135,17.5
1998-01-01,YE,135,17.5
1997-12-01,YE,135,18.0
1997-11-01,YE,135,19.5
1997-10-01,YE,135,19.5
1997-09-01,YE,135,18.5
1997-08-01,YE,135,18.5
1997-07-01,YE,135,21.0
1997-06-01,YE,135,21.0
1997-05-01,YE,135,21.0
1997-04-01,YE,135,28.3
1997-03-01,YE,135,28.3
1997-02-01,YE,135,28.3
1997-01-01,YE,135,28.3
1996-12-01,YE,135,28.3
1996-11-01,YE,135,32.5
1996-10-01,YE,135,32.5
1996-09-01,YE,135,32.5
1996-08-01,YE,135,32.5
1996-07-01,YE,135,32.5
1996-06-01,YE,135,32.5
1996-05-01,YE,135,32.5
1996-04-01,YE,135,32.5
1996-03-01,YE,135,32.5
1996-02-01,YE,135,28.3
1996-01-01,YE,135,28.3
1995-12-01,YE,135,28.3
2013-01-01,YE,136,21.3397155554
2012-01-01,YE,136,-8.35164496956
2011-01-01,YE,136,-19.4076772113
2010-01-01,YE,136,-18.6948417912
2009-01-01,YE,136,0.396551710712
2008-01-01,YE,136,-5.85481455777
2007-01-01,YE,136,18.3759206438
2006-01-01,YE,136,-0.414108169392
2005-01-01,YE,136,-3.07854274706
2004-01-01,YE,136,12.5129706627
2003-01-01,YE,136,9.75309953046
2002-01-01,YE,136,1.22438352406
2001-01-01,YE,136,18.0909489202
2000-01-01,YE,136,-7.50948439649
1999-01-01,YE,136,-1.92412591818
1998-01-01,YE,136,37.5695634552
1997-01-01,YE,136,28.9929816658
1996-01-01,YE,136,-34.5350705328
1995-01-01,YE,136,9.56605493476
1994-01-01,YE,136,-13.287744463
1993-01-01,YE,136,4.12399416348
1992-01-01,YE,136,-5.84382051222
1991-01-01,YE,136,-5.29089075205
2013-01-01,YE,137,5.63672
2012-01-01,YE,137,4.645404
2011-01-01,YE,137,5.068726
2010-01-01,YE,137,6.289341
2009-01-01,YE,137,7.735476
2008-01-01,YE,137,7.704922
2007-01-01,YE,137,8.184085
2006-01-01,YE,137,6.91364
2005-01-01,YE,137,6.942389
2004-01-01,YE,137,7.162902
2003-01-01,YE,137,6.36629
2002-01-01,YE,137,5.800556
2001-01-01,YE,137,5.730394
2000-01-01,YE,137,4.852526
1999-01-01,YE,137,5.246512
1998-01-01,YE,137,5.349442
1997-01-01,YE,137,3.888536
1996-01-01,YE,137,3.014533
1995-01-01,YE,137,4.604806
1994-01-01,YE,137,4.202767
1993-01-01,YE,137,4.846797
1992-01-01,YE,137,4.654832
1991-01-01,YE,137,4.943735
1990-01-01,YE,137,5.219915
2014-01-01,YE,138,13.5
2010-01-01,YE,138,17.8
2009-01-01,YE,138,14.6
2008-01-01,YE,138,15.0
2007-01-01,YE,138,15.3
2006-01-01,YE,138,15.7
2005-01-01,YE,138,16.1
2004-01-01,YE,138,16.2
1999-01-01,YE,138,11.5
1994-01-01,YE,138,8.3
2014-01-01,YE,143,368500.0
2013-01-01,YE,143,354300.0
2012-01-01,YE,143,347000.0
2011-01-01,YE,143,344700.0
2010-01-01,YE,143,318000.0
2009-01-01,YE,143,288200.0
2008-01-01,YE,143,239000.0
2007-01-01,YE,143,209000.0
2006-01-01,YE,143,162000.0
2005-01-01,YE,143,156200.0
2004-01-01,YE,143,135900.0
2003-01-01,YE,143,148100.0
2002-01-01,YE,143,129500.0
2001-01-01,YE,143,91100.0
2000-01-01,YE,143,76600.0
1999-01-01,YE,143,61548.0
1998-01-01,YE,143,52247.0
1997-01-01,YE,143,51334.0
1996-01-01,YE,143,39170.0
1995-01-01,YE,143,32912.0
1994-01-01,YE,143,28263.0
1993-01-01,YE,143,18441.0
1992-01-01,YE,143,15696.0
1991-01-01,YE,143,12349.0
1990-01-01,YE,143,9693.0
2010-01-01,YE,163,1.1
2020-01-01,YE,167,15.0
2019-01-01,YE,167,15.0
2018-01-01,YE,167,15.0
2017-01-01,YE,167,15.0
2016-01-01,YE,167,15.0
2015-01-01,YE,167,15.0
2014-01-01,YE,167,15.0
2013-01-01,YE,167,15.0
2012-01-01,YE,167,15.0
2011-01-01,YE,167,15.0
2010-01-01,YE,167,20.0
2009-01-01,YE,167,20.0
2008-01-01,YE,167,20.0
2007-01-01,YE,167,20.0
2006-01-01,YE,167,20.0
2005-01-01,YE,167,20.0
2004-01-01,YE,167,20.0
2003-01-01,YE,167,20.0
2017-01-01,YE,169,10992712.0
2016-01-01,YE,169,9443446.0
2015-01-01,YE,169,9722603.0
2014-01-01,YE,169,8067900.0
2013-01-01,YE,169,7520633.0
2012-01-01,YE,169,6711639.0
2011-01-01,YE,169,5882932.0
2010-01-01,YE,169,5489349.0
2009-01-01,YE,169,4238037.0
2008-01-01,YE,169,4119743.0
2007-01-01,YE,169,3211650.0
2006-01-01,YE,169,2609922.0
2005-01-01,YE,169,2058537.0
2004-01-01,YE,169,1698053.0
2003-01-01,YE,169,1448769.0
2002-01-01,YE,169,1265702.0
2001-01-01,YE,169,1086959.0
2000-01-01,YE,169,939756.0
1999-01-01,YE,169,818963.0
1998-01-01,YE,169,692877.0
1997-01-01,YE,169,606707.0
1996-01-01,YE,169,532819.0
1995-01-01,YE,169,432167.0
1994-01-01,YE,169,269404.0
1993-01-01,YE,169,233689.0
1992-01-01,YE,169,177043.0
1991-01-01,YE,169,156240.0
1990-01-01,YE,169,113879.0
2020-01-01,YE,171,29826.0
2019-01-01,YE,171,29162.0
2018-01-01,YE,171,28499.0
2017-01-01,YE,171,27835.0
2016-01-01,YE,171,27168.0
2015-01-01,YE,171,26498.0
2014-01-01,YE,171,25823.0
2013-01-01,YE,171,25147.0
2012-01-01,YE,171,24473.0
2011-01-01,YE,171,23808.0
2010-01-01,YE,171,23155.0
2009-01-01,YE,171,22516.0
2008-01-01,YE,171,21892.0
2007-01-01,YE,171,21283.0
2006-01-01,YE,171,20688.0
2005-01-01,YE,171,20107.0
2004-01-01,YE,171,19540.0
2003-01-01,YE,171,18985.0
2002-01-01,YE,171,18444.0
2001-01-01,YE,171,17918.0
2000-01-01,YE,171,17409.0
1999-01-01,YE,171,16921.0
1998-01-01,YE,171,16450.0
1997-01-01,YE,171,15976.0
1996-01-01,YE,171,15469.0
1995-01-01,YE,171,14913.0
1994-01-01,YE,171,14298.0
1993-01-01,YE,171,13634.0
1992-01-01,YE,171,12954.0
1991-01-01,YE,171,12302.0
1990-01-01,YE,171,11710.0
1989-01-01,YE,171,11189.0
1988-01-01,YE,171,10731.0
1987-01-01,YE,171,10322.0
1986-01-01,YE,171,9941.0
1985-01-01,YE,171,9572.0
1984-01-01,YE,171,9213.0
1983-01-01,YE,171,8869.0
1982-01-01,YE,171,8542.0
1981-01-01,YE,171,8232.0
1980-01-01,YE,171,7942.0
1979-01-01,YE,171,7670.0
1978-01-01,YE,171,7414.0
1977-01-01,YE,171,7179.0
1976-01-01,YE,171,6968.0
1975-01-01,YE,171,6785.0
1974-01-01,YE,171,6630.0
1973-01-01,YE,171,6501.0
1972-01-01,YE,171,6391.0
1971-01-01,YE,171,6290.0
1970-01-01,YE,171,6193.0
1969-01-01,YE,171,6097.0
1968-01-01,YE,171,6002.0
1967-01-01,YE,171,5908.0
1966-01-01,YE,171,5816.0
1965-01-01,YE,171,5728.0
1964-01-01,YE,171,5642.0
1963-01-01,YE,171,5557.0
1962-01-01,YE,171,5474.0
1961-01-01,YE,171,5393.0
1960-01-01,YE,171,5315.0
1959-01-01,YE,171,5241.0
1958-01-01,YE,171,5169.0
1957-01-01,YE,171,5099.0
1956-01-01,YE,171,5032.0
1955-01-01,YE,171,4966.0
1954-01-01,YE,171,4901.0
1953-01-01,YE,171,4838.0
1952-01-01,YE,171,4776.0
1951-01-01,YE,171,4717.0
1950-01-01,YE,171,4661.0
2016-12-01,YE,172,7.56962
2016-11-01,YE,172,7.85415
2016-10-01,YE,172,5.93661
2016-09-01,YE,172,10.1509
2016-08-01,YE,172,23.8023
2016-07-01,YE,172,27.9063
2016-06-01,YE,172,11.6619
2016-05-01,YE,172,20.4483
2016-04-01,YE,172,26.1052
2016-03-01,YE,172,14.8708
2016-02-01,YE,172,8.82519
2016-01-01,YE,172,6.3501
2015-12-01,YE,172,7.64243
2015-11-01,YE,172,7.84704
2015-10-01,YE,172,5.9475
2015-09-01,YE,172,13.1654
2015-08-01,YE,172,25.4466
2015-07-01,YE,172,23.2508
2015-06-01,YE,172,9.32081
2015-05-01,YE,172,16.7316
2015-04-01,YE,172,20.8243
2015-03-01,YE,172,12.3404
2015-02-01,YE,172,7.2717
2015-01-01,YE,172,6.31496
2014-12-01,YE,172,7.5964
2014-11-01,YE,172,7.8334
2014-10-01,YE,172,6.11606
2014-09-01,YE,172,10.173
2014-08-01,YE,172,24.8799
2014-07-01,YE,172,27.1305
2014-06-01,YE,172,9.70341
2014-05-01,YE,172,16.6517
2014-04-01,YE,172,25.9099
2014-03-01,YE,172,14.6979
2014-02-01,YE,172,7.75335
2014-01-01,YE,172,6.31636
2013-12-01,YE,172,7.56859
2013-11-01,YE,172,8.18355
2013-10-01,YE,172,6.16129
2013-09-01,YE,172,8.83857
2013-08-01,YE,172,22.9602
2013-07-01,YE,172,27.3091
2013-06-01,YE,172,9.79371
2013-05-01,YE,172,16.9662
2013-04-01,YE,172,20.9229
2013-03-01,YE,172,12.5137
2013-02-01,YE,172,7.2717
2013-01-01,YE,172,6.34841
2012-12-01,YE,172,7.60543
2012-11-01,YE,172,9.39467
2012-10-01,YE,172,6.9912
2012-09-01,YE,172,8.85136
2012-08-01,YE,172,21.6393
2012-07-01,YE,172,25.0551
2012-06-01,YE,172,9.29369
2012-05-01,YE,172,16.6559
2012-04-01,YE,172,20.9534
2012-03-01,YE,172,12.4075
2012-02-01,YE,172,8.90522
2012-01-01,YE,172,6.38243
2011-12-01,YE,172,7.64996
2011-11-01,YE,172,9.58606
2011-10-01,YE,172,12.7336
2011-09-01,YE,172,10.1528
2011-08-01,YE,172,22.266
2011-07-01,YE,172,27.7799
2011-06-01,YE,172,10.1459
2011-05-01,YE,172,21.7787
2011-04-01,YE,172,29.7745
2011-03-01,YE,172,12.4075
2011-02-01,YE,172,7.2758
2011-01-01,YE,172,6.38243
2010-12-01,YE,172,7.75179
2010-11-01,YE,172,7.91399
2010-10-01,YE,172,5.98695
2010-09-01,YE,172,10.5849
2010-08-01,YE,172,22.7732
2010-07-01,YE,172,25.2552
2010-06-01,YE,172,9.29369
2010-05-01,YE,172,20.41
2010-04-01,YE,172,20.9534
2010-03-01,YE,172,12.5379
2010-02-01,YE,172,9.45833
2010-01-01,YE,172,6.31443
2009-12-01,YE,172,7.67383
2009-11-01,YE,172,7.98726
2009-10-01,YE,172,6.02569
2009-09-01,YE,172,8.83009
2009-08-01,YE,172,21.451
2009-07-01,YE,172,27.7799
2009-06-01,YE,172,9.32662
2009-05-01,YE,172,16.5872
2009-04-01,YE,172,20.8557
2009-03-01,YE,172,12.3246
2009-02-01,YE,172,7.30734
2009-01-01,YE,172,11.2662
2008-12-01,YE,172,7.56859
2008-11-01,YE,172,8.00972
2008-10-01,YE,172,15.6235
2008-09-01,YE,172,8.84443
2008-08-01,YE,172,23.322
2008-07-01,YE,172,30.071
2008-06-01,YE,172,9.28275
2008-05-01,YE,172,22.7769
2008-04-01,YE,172,20.7621
2008-03-01,YE,172,12.3103
2008-02-01,YE,172,7.2717
2008-01-01,YE,172,6.36203
2007-12-01,YE,172,7.56859
2007-11-01,YE,172,19.3087
2007-10-01,YE,172,6.01403
2007-09-01,YE,172,9.33996
2007-08-01,YE,172,24.7831
2007-07-01,YE,172,27.9028
2007-06-01,YE,172,30.6697
2007-05-01,YE,172,52.4492
2007-04-01,YE,172,20.8604
2007-03-01,YE,172,39.0012
2007-02-01,YE,172,7.36
2007-01-01,YE,172,6.34019
2006-12-01,YE,172,8.23634
2006-11-01,YE,172,7.8147
2006-10-01,YE,172,5.98016
2006-09-01,YE,172,9.73971
2006-08-01,YE,172,26.4033
2006-07-01,YE,172,28.5319
2006-06-01,YE,172,9.70251
2006-05-01,YE,172,16.6123
2006-04-01,YE,172,21.0238
2006-03-01,YE,172,12.4753
2006-02-01,YE,172,7.28379
2006-01-01,YE,172,6.36005
2005-12-01,YE,172,7.56859
2005-11-01,YE,172,7.89701
2005-10-01,YE,172,5.94024
2005-09-01,YE,172,9.30536
2005-08-01,YE,172,22.5989
2005-07-01,YE,172,25.7372
2005-06-01,YE,172,12.7348
2005-05-01,YE,172,16.632
2005-04-01,YE,172,20.8528
2005-03-01,YE,172,14.9683
2005-02-01,YE,172,7.2848
2005-01-01,YE,172,6.33772
2004-12-01,YE,172,13.8257
2004-11-01,YE,172,7.96538
2004-10-01,YE,172,6.16505
2004-09-01,YE,172,15.3007
2004-08-01,YE,172,25.2155
2004-07-01,YE,172,27.7342
2004-06-01,YE,172,10.9904
2004-05-01,YE,172,16.56
2004-04-01,YE,172,21.0189
2004-03-01,YE,172,12.368
2004-02-01,YE,172,7.37789
2004-01-01,YE,172,12.8838
2003-12-01,YE,172,7.73275
2003-11-01,YE,172,9.40016
2003-10-01,YE,172,6.94533
2003-09-01,YE,172,10.3633
2003-08-01,YE,172,25.3475
2003-07-01,YE,172,27.9123
2003-06-01,YE,172,11.7146
2003-05-01,YE,172,16.5682
2003-04-01,YE,172,25.8473
2003-03-01,YE,172,14.9108
2003-02-01,YE,172,8.8365
2003-01-01,YE,172,6.37563
2002-12-01,YE,172,7.73669
2002-11-01,YE,172,7.8162
2002-10-01,YE,172,5.99003
2002-09-01,YE,172,9.30127
2002-08-01,YE,172,25.4066
2002-07-01,YE,172,27.703
2002-06-01,YE,172,10.5606
2002-05-01,YE,172,21.7423
2002-04-01,YE,172,33.1212
2002-03-01,YE,172,12.3017
2002-02-01,YE,172,8.80314
2002-01-01,YE,172,7.08759
2001-12-01,YE,172,8.28607
2001-11-01,YE,172,7.84346
2001-10-01,YE,172,5.98169
2001-09-01,YE,172,10.369
2001-08-01,YE,172,25.5723
2001-07-01,YE,172,27.8546
2001-06-01,YE,172,11.4264
2001-05-01,YE,172,16.6559
2001-04-01,YE,172,20.8249
2001-03-01,YE,172,12.5103
2001-02-01,YE,172,8.80314
2001-01-01,YE,172,6.38243
2000-12-01,YE,172,13.0675
2000-11-01,YE,172,9.68342
2000-10-01,YE,172,7.9817
2000-09-01,YE,172,13.3635
2000-08-01,YE,172,45.9875
2000-07-01,YE,172,16.2725
2000-06-01,YE,172,8.77319
2000-05-01,YE,172,36.5416
2000-04-01,YE,172,14.4798
2000-03-01,YE,172,8.44177
2000-02-01,YE,172,4.81462
2000-01-01,YE,172,4.21345
1999-12-01,YE,172,4.82723
1999-11-01,YE,172,13.9281
1999-10-01,YE,172,26.0962
1999-09-01,YE,172,39.0051
1999-08-01,YE,172,37.3951
1999-07-01,YE,172,19.8952
1999-06-01,YE,172,6.79639
1999-05-01,YE,172,10.816
1999-04-01,YE,172,13.9938
1999-03-01,YE,172,11.9778
1999-02-01,YE,172,4.99911
1999-01-01,YE,172,5.29516
1998-12-01,YE,172,4.72031
1998-11-01,YE,172,5.8099
1998-10-01,YE,172,4.7192
1998-09-01,YE,172,9.35745
1998-08-01,YE,172,41.2184
1998-07-01,YE,172,28.1919
1998-06-01,YE,172,10.7251
1998-05-01,YE,172,10.8549
1998-04-01,YE,172,17.0974
1998-03-01,YE,172,9.29625
1998-02-01,YE,172,5.35538
1998-01-01,YE,172,10.3996
1997-12-01,YE,172,12.2558
1997-11-01,YE,172,27.9284
1997-10-01,YE,172,6.10706
1997-09-01,YE,172,5.14137
1997-08-01,YE,172,21.7336
1997-07-01,YE,172,16.8117
1997-06-01,YE,172,12.8258
1997-05-01,YE,172,20.8132
1997-04-01,YE,172,15.851
1997-03-01,YE,172,33.8946
1997-02-01,YE,172,4.54306
1997-01-01,YE,172,6.68183
1996-12-01,YE,172,5.50021
1996-11-01,YE,172,8.39957
1996-10-01,YE,172,3.68282
1996-09-01,YE,172,5.56381
1996-08-01,YE,172,19.3448
1996-07-01,YE,172,19.9935
1996-06-01,YE,172,27.4494
1996-05-01,YE,172,20.4165
1996-04-01,YE,172,17.9279
1996-03-01,YE,172,15.8088
1996-02-01,YE,172,4.71503
1996-01-01,YE,172,6.97545
1995-12-01,YE,172,8.14932
1995-11-01,YE,172,5.48721
1995-10-01,YE,172,9.77979
1995-09-01,YE,172,1.32755
1995-08-01,YE,172,31.3087
1995-07-01,YE,172,63.87
1995-06-01,YE,172,6.24533
1995-05-01,YE,172,10.9109
1995-04-01,YE,172,32.0967
1995-03-01,YE,172,13.6272
1995-02-01,YE,172,1.39231
1995-01-01,YE,172,3.99439
1994-12-01,YE,172,8.35895
1994-11-01,YE,172,16.8107
1994-10-01,YE,172,0.85918
1994-09-01,YE,172,35.1455
1994-08-01,YE,172,32.1042
1994-07-01,YE,172,34.935
1994-06-01,YE,172,6.44293
1994-05-01,YE,172,11.3799
1994-04-01,YE,172,12.1336
1994-03-01,YE,172,9.27339
1994-02-01,YE,172,4.84592
1994-01-01,YE,172,4.08767
1993-12-01,YE,172,5.35849
1993-11-01,YE,172,7.72704
1993-10-01,YE,172,8.3511
1993-09-01,YE,172,16.0568
1993-08-01,YE,172,18.4827
1993-07-01,YE,172,19.3257
1993-06-01,YE,172,6.27244
1993-05-01,YE,172,30.6599
1993-04-01,YE,172,27.2127
1993-03-01,YE,172,8.68353
1993-02-01,YE,172,15.9391
1993-01-01,YE,172,6.26672
1992-12-01,YE,172,8.66936
1992-11-01,YE,172,7.925
1992-10-01,YE,172,5.80986
1992-09-01,YE,172,35.8128
1992-08-01,YE,172,27.5544
1992-07-01,YE,172,18.1913
1992-06-01,YE,172,6.72843
1992-05-01,YE,172,11.3216
1992-04-01,YE,172,53.2025
1992-03-01,YE,172,11.6029
1992-02-01,YE,172,6.66142
1992-01-01,YE,172,10.8754
1991-12-01,YE,172,7.49776
1991-11-01,YE,172,10.5021
1991-10-01,YE,172,3.78727
1991-09-01,YE,172,8.20724
1991-08-01,YE,172,18.2573
1991-07-01,YE,172,21.7958
1991-06-01,YE,172,8.95547
1991-05-01,YE,172,11.7234
1991-04-01,YE,172,10.258
1991-03-01,YE,172,16.1288
1991-02-01,YE,172,9.16749
1991-01-01,YE,172,2.69894
1990-12-01,YE,172,1.591
1990-11-01,YE,172,1.291
1990-10-01,YE,172,1.22966
1990-09-01,YE,172,4.20044
1990-08-01,YE,172,8.71557
1990-07-01,YE,172,26.0503
1990-06-01,YE,172,5.0944
1990-05-01,YE,172,1.69539
1990-04-01,YE,172,10.3312
1990-03-01,YE,172,11.5768
1990-02-01,YE,172,29.0826
1990-01-01,YE,172,0.78547
1989-12-01,YE,172,8.36961
1989-11-01,YE,172,0.31448
1989-10-01,YE,172,1.77949
1989-09-01,YE,172,5.07083
1989-08-01,YE,172,9.00502
1989-07-01,YE,172,23.5301
1989-06-01,YE,172,21.2239
1989-05-01,YE,172,4.86892
1989-04-01,YE,172,69.6802
1989-03-01,YE,172,49.4245
1989-02-01,YE,172,6.89996
1989-01-01,YE,172,3.49952
1988-12-01,YE,172,1.19939
1988-11-01,YE,172,0.08277
1988-10-01,YE,172,1.57063
1988-09-01,YE,172,38.1495
1988-08-01,YE,172,18.582
1988-07-01,YE,172,33.3092
1988-06-01,YE,172,6.03464
1988-05-01,YE,172,3.08185
1988-04-01,YE,172,28.257
1988-03-01,YE,172,1.19446
1988-02-01,YE,172,18.7569
1988-01-01,YE,172,0.51643
1987-12-01,YE,172,13.641
1987-11-01,YE,172,0.09444
1987-10-01,YE,172,1.71661
1987-09-01,YE,172,18.6564
1987-08-01,YE,172,9.06596
1987-07-01,YE,172,2.99877
1987-06-01,YE,172,15.8729
1987-05-01,YE,172,13.4924
1987-04-01,YE,172,17.5458
1987-03-01,YE,172,39.0116
1987-02-01,YE,172,1.58534
1987-01-01,YE,172,0.45091
1986-12-01,YE,172,3.87725
1986-11-01,YE,172,0.18564
1986-10-01,YE,172,0.95716
1986-09-01,YE,172,5.20017
1986-08-01,YE,172,22.044
1986-07-01,YE,172,9.2644
1986-06-01,YE,172,28.5714
1986-05-01,YE,172,3.84314
1986-04-01,YE,172,26.5698
1986-03-01,YE,172,15.7042
1986-02-01,YE,172,12.7248
1986-01-01,YE,172,0.08339
1985-12-01,YE,172,0.23281
1985-11-01,YE,172,0.08822
1985-10-01,YE,172,1.37061
1985-09-01,YE,172,7.64026
1985-08-01,YE,172,15.4949
1985-07-01,YE,172,15.3813
1985-06-01,YE,172,4.69022
1985-05-01,YE,172,16.6118
1985-04-01,YE,172,14.0358
1985-03-01,YE,172,4.5661
1985-02-01,YE,172,7.69355
1985-01-01,YE,172,6.15021
1984-12-01,YE,172,17.5855
1984-11-01,YE,172,4.1174
1984-10-01,YE,172,0.85342
1984-09-01,YE,172,4.71406
1984-08-01,YE,172,2.53735
1984-07-01,YE,172,10.4228
1984-06-01,YE,172,11.4146
1984-05-01,YE,172,32.0657
1984-04-01,YE,172,1.83857
1984-03-01,YE,172,2.11039
1984-02-01,YE,172,0.08679
1984-01-01,YE,172,0.19733
1983-12-01,YE,172,0.07758
1983-11-01,YE,172,0.42544
1983-10-01,YE,172,2.55833
1983-09-01,YE,172,2.74558
1983-08-01,YE,172,52.1548
1983-07-01,YE,172,7.65949
1983-06-01,YE,172,4.44194
1983-05-01,YE,172,26.3243
1983-04-01,YE,172,77.1654
1983-03-01,YE,172,28.8098
1983-02-01,YE,172,31.1504
1983-01-01,YE,172,24.8122
1982-12-01,YE,172,2.14247
1982-11-01,YE,172,9.22925
1982-10-01,YE,172,3.39975
1982-09-01,YE,172,4.08358
1982-08-01,YE,172,19.2826
1982-07-01,YE,172,8.01861
1982-06-01,YE,172,6.44198
1982-05-01,YE,172,11.4599
1982-04-01,YE,172,4.78098
1982-03-01,YE,172,11.4854
1982-02-01,YE,172,7.62581
1982-01-01,YE,172,5.62877
1981-12-01,YE,172,0.19733
1981-11-01,YE,172,0.09992
1981-10-01,YE,172,0.87846
1981-09-01,YE,172,2.42701
1981-08-01,YE,172,12.9202
1981-07-01,YE,172,21.6219
1981-06-01,YE,172,13.4859
1981-05-01,YE,172,6.11213
1981-04-01,YE,172,9.05425
1981-03-01,YE,172,41.4841
1981-02-01,YE,172,0.14346
1981-01-01,YE,172,0.1188
1980-12-01,YE,172,0.05854
1980-11-01,YE,172,0.10608
1980-10-01,YE,172,17.6765
1980-09-01,YE,172,4.58883
1980-08-01,YE,172,28.3624
1980-07-01,YE,172,6.48096
1980-06-01,YE,172,3.60682
1980-05-01,YE,172,2.59034
1980-04-01,YE,172,8.88454
1980-03-01,YE,172,4.07007
1980-02-01,YE,172,5.79593
1980-01-01,YE,172,4.44934
2020-01-01,YE,177,6.538692
2019-01-01,YE,177,-3.808425
2018-01-01,YE,177,-4.042082
2017-01-01,YE,177,-17.647059
2016-01-01,YE,177,-37.592487
2015-01-01,YE,177,-39.715217
2014-01-01,YE,177,-1.934724
2013-01-01,YE,177,3.391894
2012-01-01,YE,177,0.983664
2011-01-01,YE,177,-13.87292
2010-01-01,YE,177,5.389031
2009-01-01,YE,177,2.48366
2008-01-01,YE,177,0.923483
2007-01-01,YE,177,0.413976
2006-01-01,YE,177,0.549451
2005-01-01,YE,177,2.948234
2004-01-01,YE,177,1.566852
2003-01-01,YE,177,1.55587
2002-01-01,YE,177,2.186089
2001-01-01,YE,177,1.821192
2000-01-01,YE,177,4.277767
1999-01-01,YE,177,0.269283
1998-01-01,YE,177,2.524157
1997-01-01,YE,177,1.379448
1996-01-01,YE,177,0.482121
1995-01-01,YE,177,-0.220485
1994-01-01,YE,177,0.767522
1993-01-01,YE,177,-2.231438
2018-01-01,YE,179,3351.0
2017-01-01,YE,179,3771.0
2016-01-01,YE,179,3771.0
2015-01-01,YE,179,3351.0
2014-01-01,YE,179,3351.0
2013-01-01,YE,179,3343.0
2012-01-01,YE,179,3351.0
2011-01-01,YE,179,1404.0
2010-01-01,YE,179,1526.0
2009-01-01,YE,179,1160.0
2008-01-01,YE,179,1411.0
2007-01-01,YE,179,1322.0
2006-01-01,YE,179,1283.0
2005-01-01,YE,179,1283.0
2004-01-01,YE,179,1283.0
2003-01-01,YE,179,1270.0
2002-01-01,YE,179,1294.0
2001-01-01,YE,179,1295.0
2000-01-01,YE,179,1288.0
1999-01-01,YE,179,1223.0
1998-01-01,YE,179,1202.0
1997-01-01,YE,179,1169.0
1996-01-01,YE,179,1135.0
1995-01-01,YE,179,1081.0
1994-01-01,YE,179,1059.0
1993-01-01,YE,179,1039.0
1992-01-01,YE,179,1018.0
1991-01-01,YE,179,998.0
1990-01-01,YE,179,1498.0
2020-01-01,YE,185,5.0
2019-01-01,YE,185,5.0
2018-01-01,YE,185,5.0
2017-01-01,YE,185,5.0
2016-01-01,YE,185,5.0
2015-01-01,YE,185,5.0
2014-01-01,YE,185,5.0
2013-01-01,YE,185,5.0
2012-01-01,YE,185,5.0
2011-01-01,YE,185,5.0
2010-01-01,YE,185,5.0
2009-01-01,YE,185,5.0
2008-01-01,YE,185,5.0
2007-01-01,YE,185,5.0
2006-01-01,YE,185,5.0
2005-01-01,YE,185,10.0
2019-01-01,YE,187,15.0
2018-01-01,YE,187,15.0
2017-01-01,YE,187,15.0
2016-01-01,YE,187,15.0
2015-01-01,YE,187,15.0
2014-01-01,YE,187,15.0
2013-01-01,YE,187,15.0
2012-01-01,YE,187,15.0
2011-01-01,YE,187,15.0
2010-01-01,YE,187,15.0
2009-01-01,YE,187,15.0
2008-01-01,YE,187,-1.0
2007-01-01,YE,187,-1.0
2006-01-01,YE,187,-1.0
2005-01-01,YE,187,-1.0
2004-01-01,YE,187,-1.0
2019-01-01,YE,188,9.0
2018-01-01,YE,188,9.0
2017-01-01,YE,188,9.0
2016-01-01,YE,188,9.0
2015-01-01,YE,188,9.0
2014-01-01,YE,188,9.0
2013-01-01,YE,188,9.0
2012-01-01,YE,188,9.0
2011-01-01,YE,188,9.0
2010-01-01,YE,188,9.0
2009-01-01,YE,188,9.0
2019-01-01,YE,189,6.0
2018-01-01,YE,189,6.0
2017-01-01,YE,189,6.0
2016-01-01,YE,189,6.0
2015-01-01,YE,189,6.0
2014-01-01,YE,189,6.0
2013-01-01,YE,189,6.0
2012-01-01,YE,189,6.0
2011-01-01,YE,189,6.0
2010-01-01,YE,189,6.0
2009-01-01,YE,189,6.0
2018-01-01,YE,193,160.7
2017-01-01,YE,193,146.6
2016-01-01,YE,193,131.5
2015-01-01,YE,193,136.7
2014-01-01,YE,193,163.4
2013-01-01,YE,193,169.8
2012-01-01,YE,193,174.6
2011-01-01,YE,193,165.6
2010-01-01,YE,193,151.6
2009-01-01,YE,193,135.8
2008-01-01,YE,193,170.7
2007-01-01,YE,193,150.4
2006-01-01,YE,193,152.3
2005-01-01,YE,193,139.7
2004-01-01,YE,193,113.5
2003-01-01,YE,193,97.9
2002-01-01,YE,193,91.4
2001-01-01,YE,193,89.5
2000-01-01,YE,193,100.0
2019-01-01,YE,194,7.26
2018-01-01,YE,194,7.53
2017-01-01,YE,194,7.85
2016-01-01,YE,194,8.05
2015-01-01,YE,194,7.44
2014-01-01,YE,194,6.98
2013-01-01,YE,194,6.83
2012-01-01,YE,194,6.51
2011-01-01,YE,194,6.32
2010-01-01,YE,194,5.08
2009-01-01,YE,194,5.1
2008-01-01,YE,194,4.05
2007-01-01,YE,194,3.57
2006-01-01,YE,194,3.27
2005-01-01,YE,194,2.83
2004-01-01,YE,194,3.55
2003-01-01,YE,194,2.87
2002-01-01,YE,194,2.87
2016-01-01,YE,196,116.0
2015-01-01,YE,196,116.0
2014-01-01,YE,196,1199.0
2013-01-01,YE,196,1097.0
2012-01-01,YE,196,1005.0
2011-01-01,YE,196,910.0
2010-01-01,YE,196,1291.0
2009-01-01,YE,196,899.0
2008-01-01,YE,196,886.0
2007-01-01,YE,196,425.0
2006-01-01,YE,196,181.0
2005-01-01,YE,196,181.0
2004-01-01,YE,196,139.0
2003-01-01,YE,196,139.0
2002-01-01,YE,196,38.0
2001-01-01,YE,196,38.0
2000-01-01,YE,196,73.0
1999-01-01,YE,196,61.0
1998-01-01,YE,196,84.0
1997-01-01,YE,196,70.0
1996-01-01,YE,196,55.0
1995-01-01,YE,196,50.0
2015-01-01,YE,197,367.0
2014-01-01,YE,197,1018.0
2013-01-01,YE,197,990.0
2012-01-01,YE,197,874.0
2011-01-01,YE,197,829.0
2010-01-01,YE,197,1025.0
2009-01-01,YE,197,1028.0
2008-01-01,YE,197,1023.0
2007-01-01,YE,197,948.0
2006-01-01,YE,197,1061.0
2005-01-01,YE,197,336.0
2004-01-01,YE,197,274.0
2003-01-01,YE,197,155.0
2002-01-01,YE,197,98.0
2001-01-01,YE,197,76.0
2000-01-01,YE,197,73.0
1999-01-01,YE,197,58.0
1998-01-01,YE,197,88.0
1997-01-01,YE,197,80.0
1996-01-01,YE,197,74.0
1995-01-01,YE,197,61.0
1999-01-01,YE,198,469.0
2014-01-01,YE,200,13.5
2010-01-01,YE,200,17.8
2009-01-01,YE,200,14.6
2008-01-01,YE,200,15.0
2007-01-01,YE,200,15.3
2006-01-01,YE,200,15.7
2005-01-01,YE,200,16.1
2004-01-01,YE,200,16.2
1999-01-01,YE,200,11.5
1994-01-01,YE,200,8.3
2014-01-01,YE,205,24.5
2010-01-01,YE,205,33.7
1999-01-01,YE,205,18.7
1994-01-01,YE,205,17.9
